tick,scfa,lps_microbiota,permeability,cellEpit,probioticArtificialAgent,lps_lumen,tnfAlfa,alfasin,nadh,alfasinucleina,ros,artificialAgent,electron,oxygen
1,500,400,10.0,100,25,0,300,0,500,0,0,100,0,400
2,500,400,10.0,100,25,0,300,0,500,0,0,100,0,400
3,500,400,10.0,100,25,0,300,0,500,0,0,100,0,400
4,500,400,10.0,100,25,0,300,0,500,0,0,100,0,400
5,500,400,10.0,100,25,0,300,0,500,0,0,100,0,400
6,500,400,10.0,100,25,0,300,0,500,0,0,100,0,400
7,500,400,10.0,100,25,0,300,0,500,0,0,100,0,400
8,500,400,10.0,100,25,0,300,0,500,0,0,100,0,400
9,500,400,10.0,100,25,0,300,0,500,0,0,100,0,400
10,500,400,10.0,100,25,0,300,0,500,0,0,100,0,400
11,499,400,10.0,100,25,0,300,0,500,0,0,100,0,400
12,498,400,10.0,100,25,0,300,0,500,0,0,100,0,400
13,497,400,10.0,100,25,0,300,0,500,0,0,100,0,400
14,496,400,10.0,100,25,0,300,0,500,0,0,100,0,400
15,495,400,10.0,100,25,0,300,0,500,0,0,100,0,400
16,494,400,10.0,100,25,0,300,0,500,0,0,100,0,400
17,493,400,10.0,100,25,0,300,0,500,0,0,100,0,400
18,492,400,10.0,100,25,0,300,0,500,0,0,100,0,400
19,491,400,10.0,100,25,0,300,0,500,0,0,100,0,400
20,490,400,10.0,100,25,0,300,0,500,0,0,100,0,400
21,489,400,10.0,100,25,0,300,0,500,0,0,100,0,400
22,488,400,10.0,100,25,0,300,0,500,0,0,100,0,400
23,487,400,10.0,100,25,0,300,0,500,0,0,100,0,400
24,486,400,10.0,100,25,0,300,0,500,0,0,100,0,400
25,485,400,10.0,100,25,0,300,0,500,0,0,100,0,400
26,484,400,10.0,100,25,0,300,0,500,0,0,100,0,400
27,483,400,10.0,100,25,0,300,0,500,0,0,100,0,400
28,482,400,10.0,100,25,0,300,0,500,0,0,100,0,400
29,481,400,10.0,100,25,0,300,0,500,0,0,100,0,400
30,480,400,10.0,100,25,0,300,0,500,0,0,100,0,400
31,479,400,10.0,100,25,0,300,0,500,0,0,100,0,400
32,478,400,10.0,100,25,0,300,0,500,0,0,100,0,400
33,477,400,10.0,100,25,0,300,0,500,0,0,100,0,400
34,476,400,10.0,100,25,0,300,0,500,0,0,100,0,400
35,475,400,10.0,100,25,0,300,0,500,0,0,100,0,400
36,474,400,10.0,100,25,0,300,0,500,0,0,100,0,400
37,473,400,10.0,100,25,0,300,0,500,0,0,100,0,400
38,472,400,10.0,100,25,0,300,0,500,0,0,100,0,400
39,471,400,10.0,100,25,0,300,0,500,0,0,100,0,400
40,470,400,10.0,100,25,0,300,0,500,0,0,100,0,400
41,469,400,10.0,100,25,0,300,0,500,0,0,100,0,400
42,468,400,10.0,100,25,0,300,0,500,0,0,100,0,400
43,467,400,10.0,100,25,0,300,0,500,0,0,100,0,400
44,466,400,10.0,100,25,0,300,0,500,0,0,100,0,400
45,465,400,10.0,100,25,0,300,0,500,0,0,100,0,400
46,464,400,10.0,100,25,0,300,0,500,0,0,100,0,400
47,463,400,10.0,100,25,0,300,0,500,0,0,100,0,400
48,462,400,10.0,100,25,0,300,0,500,0,0,100,0,400
49,461,400,10.0,100,25,0,300,0,500,0,0,100,0,400
50,460,400,10.0,100,25,0,300,0,500,0,0,100,0,400
51,459,400,10.0,100,25,0,300,0,500,0,0,100,0,400
52,458,400,10.0,100,25,0,300,0,500,0,0,100,0,400
53,457,400,10.0,100,25,0,300,0,500,0,0,100,0,400
54,456,400,10.0,100,25,0,300,0,500,0,0,100,0,400
55,455,400,10.0,100,25,0,300,0,500,0,0,100,0,400
56,454,400,10.0,100,25,0,300,0,500,0,0,100,0,400
57,453,400,10.0,100,25,0,300,0,500,0,0,100,0,400
58,452,400,10.0,100,25,0,300,0,500,0,0,100,0,400
59,451,400,10.0,100,25,0,300,0,500,0,0,100,0,400
60,450,400,10.0,100,25,0,300,0,500,0,0,100,0,400
61,449,400,10.0,100,25,0,300,0,500,0,0,100,0,400
62,448,400,10.0,100,25,0,300,0,500,0,0,100,0,400
63,447,400,10.0,100,25,0,300,0,500,0,0,100,0,400
64,446,400,10.0,100,25,0,300,0,500,0,0,100,0,400
65,445,400,10.0,100,25,0,300,0,500,0,0,100,0,400
66,444,400,10.0,100,25,0,300,0,500,0,0,100,0,400
67,443,400,10.0,100,25,0,300,0,500,0,0,100,0,400
68,442,400,10.0,100,25,0,300,0,500,0,0,100,0,400
69,441,400,10.0,100,25,0,300,0,500,0,0,100,0,400
70,440,400,10.0,100,25,0,300,0,500,0,0,100,0,400
71,439,400,10.0,100,25,0,300,0,500,0,0,100,0,400
72,438,400,10.0,100,25,0,300,0,500,0,0,100,0,400
73,437,400,10.0,100,25,0,300,0,500,0,0,100,0,400
74,436,400,10.0,100,25,0,300,0,500,0,0,100,0,400
75,435,400,10.0,100,25,0,300,0,500,0,0,100,0,400
76,434,400,10.0,100,25,0,300,0,500,0,0,100,0,400
77,433,400,10.0,100,25,0,300,0,500,0,0,100,0,400
78,432,400,10.0,100,25,0,300,0,500,0,0,100,0,400
79,431,400,10.0,100,25,0,300,0,500,0,0,100,0,400
80,430,400,10.0,100,25,0,300,0,500,0,0,100,0,400
81,429,400,10.0,100,25,0,300,0,500,0,0,100,0,400
82,428,400,10.0,100,25,0,300,0,500,0,0,100,0,400
83,427,400,10.0,100,25,0,300,0,500,0,0,100,0,400
84,426,400,10.0,100,25,0,300,0,500,0,0,100,0,400
85,425,400,10.0,100,25,0,300,0,500,0,0,100,0,400
86,424,400,10.0,100,25,0,300,0,500,0,0,100,0,400
87,423,400,10.0,100,25,0,300,0,500,0,0,100,0,400
88,422,400,10.0,100,25,0,300,0,500,0,0,100,0,400
89,421,400,10.0,100,25,0,300,0,500,0,0,100,0,400
90,420,400,10.0,100,25,0,300,0,500,0,0,100,0,400
91,419,400,10.0,100,25,0,300,0,500,0,0,100,0,400
92,418,400,10.0,100,25,0,300,0,500,0,0,100,0,400
93,417,400,10.0,100,25,0,300,0,500,0,0,100,0,400
94,416,400,10.0,100,25,0,300,0,500,0,0,100,0,400
95,415,400,10.0,100,25,0,300,0,500,0,0,100,0,400
96,414,400,10.0,100,25,0,300,0,500,0,0,100,0,400
97,413,400,10.0,100,25,0,300,0,500,0,0,100,0,400
98,412,400,10.0,100,25,0,300,0,500,0,0,100,0,400
99,411,400,10.0,100,25,0,300,0,500,0,0,100,0,400
100,410,400,10.0,100,25,0,300,0,500,0,0,100,0,400
101,409,400,10.0,100,25,0,300,0,500,0,0,100,0,400
102,408,400,10.0,100,25,0,300,0,500,0,0,100,0,400
103,407,400,10.0,100,25,0,300,0,500,0,0,100,0,400
104,406,400,10.0,100,25,0,300,0,500,0,0,100,0,400
105,405,400,10.0,100,25,0,300,0,500,0,0,100,0,400
106,404,400,10.0,100,25,0,300,0,500,0,0,100,0,400
107,403,400,10.0,100,25,0,300,0,500,0,0,100,0,400
108,402,400,10.0,100,25,0,300,0,500,0,0,100,0,400
109,401,400,10.0,100,25,0,300,0,500,0,0,100,0,400
110,400,400,10.0,100,25,0,300,0,500,0,0,100,0,400
111,399,400,10.2,100,25,0,300,0,500,0,0,100,0,400
112,398,400,10.404,100,25,0,300,0,500,0,0,100,0,400
113,397,400,10.61208,100,25,0,300,0,500,0,0,100,0,400
114,396,400,10.8243216,100,25,0,300,0,500,0,0,100,0,400
115,395,400,11.040808032,100,25,0,300,0,500,0,0,100,0,400
116,394,400,11.26162419264,100,25,0,300,0,500,0,0,100,0,400
117,393,400,11.4868566764928,100,25,0,300,0,500,0,0,100,0,400
118,392,400,11.716593810022657,100,25,0,300,0,500,0,0,100,0,400
119,391,400,11.95092568622311,100,25,0,300,0,500,0,0,100,0,400
120,390,400,12.189944199947572,100,25,0,300,0,500,0,0,100,0,400
121,389,400,12.433743083946524,100,25,0,300,0,500,0,0,100,0,400
122,388,400,12.682417945625454,100,25,0,300,0,500,0,0,100,0,400
123,387,400,12.936066304537963,100,25,0,300,0,500,0,0,100,0,400
124,386,400,13.194787630628722,100,25,0,300,0,500,0,0,100,0,400
125,385,400,13.458683383241295,100,25,0,300,0,500,0,0,100,0,400
126,384,400,13.727857050906122,100,25,0,300,0,500,0,0,100,0,400
127,383,400,14.002414191924244,100,25,0,300,0,500,0,0,100,0,400
128,382,400,14.28246247576273,100,25,0,300,0,500,0,0,100,0,400
129,381,400,14.568111725277983,100,25,0,300,0,500,0,0,100,0,400
130,380,400,14.859473959783545,100,25,0,300,0,500,0,0,100,0,400
131,379,400,15.156663438979214,100,25,0,300,0,500,0,0,100,0,400
132,378,400,15.459796707758798,100,25,0,300,0,500,0,0,100,0,400
133,377,400,15.768992641913972,100,25,0,300,0,500,0,0,100,0,400
134,376,400,16.08437249475225,100,25,0,300,0,500,0,0,100,0,400
135,375,400,16.406059944647296,100,25,0,300,0,500,0,0,100,0,400
136,374,400,16.73418114354024,100,25,0,300,0,500,0,0,100,0,400
137,373,400,17.068864766411046,100,25,0,300,0,500,0,0,100,0,400
138,372,400,17.410242061739268,100,25,0,300,0,500,0,0,100,0,400
139,371,400,17.758446902974054,100,25,0,300,0,500,0,0,100,0,400
140,370,400,18.113615841033536,100,25,0,300,0,500,0,0,100,0,400
141,369,400,18.475888157854207,100,25,0,300,0,500,0,0,100,0,400
142,368,400,18.84540592101129,100,25,0,300,0,500,0,0,100,0,400
143,367,400,19.22231403943152,100,25,0,300,0,500,0,0,100,0,400
144,366,400,19.606760320220147,100,25,0,300,0,500,0,0,100,0,400
145,365,400,19.99889552662455,100,25,0,300,0,500,0,0,100,0,400
146,364,400,20.398873437157043,100,25,0,300,0,500,0,0,100,0,400
147,363,400,20.806850905900184,100,25,0,300,0,500,0,0,100,0,400
148,362,400,21.222987924018188,100,25,0,300,0,500,0,0,100,0,400
149,361,400,21.64744768249855,100,25,0,300,0,500,0,0,100,0,400
150,360,400,22.08039663614852,100,25,0,300,0,500,0,0,100,0,400
151,359,400,22.52200456887149,100,25,0,300,0,500,0,0,100,0,400
152,358,400,22.97244466024892,100,25,0,300,0,500,0,0,100,0,400
153,357,400,23.4318935534539,100,25,0,300,0,500,0,0,100,0,400
154,356,400,23.900531424522978,100,25,0,300,0,500,0,0,100,0,400
155,355,400,24.37854205301344,100,25,0,300,0,500,0,0,100,0,400
156,354,400,24.866112894073705,100,25,0,300,0,500,0,0,100,0,400
157,353,400,25.36343515195518,100,25,0,300,0,500,0,0,100,0,400
158,352,400,25.87070385499428,100,25,0,300,0,500,0,0,100,0,400
159,351,400,26.38811793209417,100,25,0,300,0,500,0,0,100,0,400
160,350,400,26.91588029073605,100,25,0,300,0,500,0,0,100,0,400
161,349,400,27.45419789655077,100,25,0,300,0,500,0,0,100,0,400
162,348,400,28.003281854481788,100,25,0,300,0,500,0,0,100,0,400
163,347,400,28.563347491571424,100,25,0,300,0,500,0,0,100,0,400
164,346,400,29.134614441402853,100,25,0,300,0,500,0,0,100,0,400
165,345,400,29.71730673023091,100,25,0,300,0,500,0,0,100,0,400
166,344,400,30.311652864835526,100,25,0,300,0,500,0,0,100,0,400
167,343,400,30.91788592213224,100,25,0,300,0,500,0,0,100,0,400
168,342,400,31.53624364057488,100,25,0,300,0,500,0,0,100,0,400
169,341,400,32.16696851338638,100,25,0,300,0,500,0,0,100,0,400
170,340,400,32.810307883654104,100,25,0,300,0,500,0,0,100,0,400
171,339,400,33.46651404132719,100,25,0,300,0,500,0,0,100,0,400
172,338,400,34.13584432215373,100,25,0,300,0,500,0,0,100,0,400
173,337,400,34.818561208596805,100,25,0,300,0,500,0,0,100,0,400
174,336,400,35.51493243276874,100,25,0,300,0,500,0,0,100,0,400
175,335,400,36.22523108142411,100,25,0,300,0,500,0,0,100,0,400
176,334,400,36.9497357030526,100,25,0,300,0,500,0,0,100,0,400
177,333,400,37.688730417113646,100,25,0,300,0,500,0,0,100,0,400
178,332,400,38.44250502545592,100,25,0,300,0,500,0,0,100,0,400
179,331,400,39.21135512596504,100,25,0,300,0,500,0,0,100,0,400
180,330,400,39.995582228484345,100,25,0,300,0,500,0,0,100,0,400
181,329,400,40.79549387305404,100,25,0,300,0,500,0,0,100,0,400
182,328,400,41.61140375051512,100,25,0,300,0,500,0,0,100,0,400
183,327,400,42.443631825525415,100,25,0,300,0,500,0,0,100,0,400
184,326,400,43.29250446203592,100,25,0,300,0,500,0,0,100,0,400
185,325,400,44.15835455127664,100,25,0,300,0,500,0,0,100,0,400
186,324,400,45.04152164230217,100,25,0,300,0,500,0,0,100,0,400
187,323,400,45.94235207514821,100,25,0,300,0,500,0,0,100,0,400
188,322,400,46.86119911665118,100,25,0,300,0,500,0,0,100,0,400
189,321,400,47.7984230989842,100,25,0,300,0,500,0,0,100,0,400
190,320,400,48.75439156096389,100,25,0,300,0,500,0,0,100,0,400
191,319,400,49.729479392183165,100,25,0,300,0,500,0,0,100,0,400
192,318,400,50.72406898002683,100,25,0,300,0,500,0,0,100,0,400
193,317,400,51.73855035962737,100,25,0,300,0,500,0,0,100,0,400
194,316,400,52.77332136681992,100,25,0,300,0,500,0,0,100,0,400
195,315,400,53.82878779415631,100,25,0,300,0,500,0,0,100,0,400
196,314,400,54.90536355003944,100,25,0,300,0,500,0,0,100,0,400
197,313,400,56.00347082104023,100,25,0,300,0,500,0,0,100,0,400
198,312,400,57.12354023746104,100,25,0,300,0,500,0,0,100,0,400
199,311,400,58.26601104221026,100,25,0,300,0,500,0,0,100,0,400
200,310,400,59.43133126305447,100,25,0,300,0,500,0,0,100,0,400
201,309,400,60.619957888315554,100,25,0,300,0,500,0,0,100,0,400
202,308,390,61.83235704608187,100,25,10,300,0,500,0,0,100,0,400
203,307,380,63.06900418700351,100,25,20,300,0,500,0,0,100,0,400
204,306,370,64.33038427074358,100,25,30,300,0,500,0,0,100,0,400
205,305,360,65.61699195615844,100,25,40,300,0,500,0,0,100,0,400
206,304,350,66.92933179528161,100,25,50,300,0,500,0,0,100,0,400
207,303,340,68.26791843118724,100,25,60,300,0,500,0,0,100,0,400
208,302,330,69.63327679981099,100,25,70,300,0,500,0,0,100,0,400
209,301,320,71.0259423358072,100,25,80,300,0,500,0,0,100,0,400
210,300,310,72.44646118252335,100,25,90,300,0,500,0,0,100,0,400
211,299,300,73.89539040617382,100,25,100,300,0,500,0,0,100,0,400
212,298,290,75.3732982142973,100,25,110,300,0,500,0,0,100,0,400
213,297,280,76.88076417858323,100,25,120,300,0,500,0,0,100,0,400
214,296,270,78.4183794621549,100,25,130,300,0,500,0,0,100,0,400
215,295,260,79.986747051398,100,25,140,300,0,500,0,0,100,0,400
216,294,250,81.58648199242596,100,25,150,300,0,500,0,0,100,0,400
217,293,240,81.58648199242596,100,25,160,300,0,500,0,0,100,0,400
218,292,230,81.58648199242596,100,25,170,300,0,500,0,0,100,0,400
219,291,220,81.58648199242596,100,25,180,300,0,500,0,0,100,0,400
220,290,210,81.58648199242596,100,25,190,300,1,500,0,0,100,0,400
221,289,200,81.58648199242596,100,25,200,300,1,500,0,0,100,0,400
222,288,190,81.58648199242596,100,25,210,300,2,500,0,0,100,0,400
223,287,180,81.58648199242596,100,25,220,300,2,500,0,0,100,0,400
224,286,170,81.58648199242596,100,25,230,300,2,500,0,0,100,0,400
225,285,160,81.58648199242596,100,25,240,300,2,500,0,0,100,0,400
226,284,150,81.58648199242596,100,25,250,300,3,500,0,0,100,0,400
227,283,140,81.58648199242596,100,25,260,300,5,500,0,0,100,0,400
228,282,130,81.58648199242596,100,25,270,300,8,500,0,0,100,0,400
229,281,120,81.58648199242596,100,25,280,300,9,500,0,0,100,0,400
230,280,110,81.58648199242596,100,25,290,300,10,500,0,0,100,0,400
231,279,100,81.58648199242596,100,25,300,300,11,500,0,0,100,0,400
232,278,90,81.58648199242596,100,25,310,300,12,500,0,0,100,0,400
233,277,80,81.58648199242596,100,25,320,300,13,500,0,0,100,0,400
234,276,70,81.58648199242596,100,25,330,300,14,500,0,0,100,0,400
235,275,60,81.58648199242596,100,25,340,300,16,500,0,0,100,0,400
236,274,50,81.58648199242596,100,25,350,300,19,500,0,0,100,0,400
237,273,40,81.58648199242596,100,25,360,300,19,500,0,0,100,0,400
238,272,30,81.58648199242596,100,25,370,300,20,500,0,0,100,0,400
239,271,20,81.58648199242596,100,25,380,300,22,500,0,0,100,0,400
240,270,10,81.58648199242596,100,25,390,300,24,500,0,0,100,0,400
241,269,0,81.58648199242596,100,25,400,300,25,500,0,0,100,0,400
242,268,0,81.58648199242596,100,25,400,300,27,500,0,0,100,0,400
243,267,0,81.58648199242596,100,25,400,300,29,500,0,0,100,0,400
244,266,0,81.58648199242596,100,25,400,300,23,500,7,0,100,0,400
245,265,0,81.58648199242596,100,25,400,300,23,500,7,0,100,0,400
246,264,0,81.58648199242596,100,25,400,300,25,500,7,0,100,0,400
247,263,0,81.58648199242596,100,25,400,300,26,500,7,0,100,0,400
248,262,0,81.58648199242596,100,25,400,300,28,500,7,0,100,0,400
249,261,0,81.58648199242596,100,25,400,300,29,500,7,0,100,0,400
250,260,0,81.58648199242596,100,25,400,300,23,500,14,0,100,0,400
251,259,0,81.58648199242596,100,25,400,300,24,500,14,0,100,0,400
252,258,0,81.58648199242596,100,25,400,300,24,500,14,0,100,0,400
253,257,0,81.58648199242596,100,25,400,300,25,500,14,0,100,0,400
254,256,0,81.58648199242596,100,25,400,300,25,500,14,0,100,0,400
255,255,0,81.58648199242596,100,25,400,300,26,500,14,0,100,0,400
256,254,0,81.58648199242596,100,25,400,300,27,500,14,0,100,0,400
257,253,0,81.58648199242596,100,25,400,300,23,500,21,0,100,0,400
258,252,0,81.58648199242596,100,25,400,300,27,500,21,0,100,0,400
259,251,0,81.58648199242596,100,25,400,300,28,500,21,0,100,0,400
260,250,0,81.58648199242596,100,25,400,300,29,500,22,0,100,0,400
261,249,0,81.58648199242596,100,25,400,300,29,500,22,0,100,0,400
262,248,0,81.58648199242596,100,25,400,300,29,500,22,0,100,1,400
263,247,0,81.58648199242596,100,25,400,300,23,500,29,0,100,1,400
264,246,0,81.58648199242596,100,25,400,300,24,500,29,0,100,1,400
265,245,0,81.58648199242596,100,25,400,300,25,500,29,0,100,1,400
266,244,0,81.58648199242596,100,25,400,300,25,500,29,0,100,1,400
267,243,0,81.58648199242596,100,25,400,300,26,500,29,0,100,1,400
268,242,0,81.58648199242596,100,25,400,300,27,500,29,0,100,1,400
269,241,0,81.58648199242596,100,25,400,300,28,500,29,0,100,1,400
270,240,0,81.58648199242596,100,25,400,300,31,500,29,0,100,1,400
271,239,0,81.58648199242596,100,25,400,300,30,500,32,0,100,1,400
272,238,0,81.58648199242596,100,25,400,300,29,500,33,0,100,1,400
273,237,0,81.58648199242596,100,25,400,300,25,500,38,0,100,2,400
274,236,0,81.58648199242596,100,25,400,300,25,500,38,0,100,2,400
275,235,0,81.58648199242596,100,25,400,300,26,500,38,0,100,3,400
276,234,0,81.58648199242596,100,25,400,300,28,500,38,0,100,3,400
277,233,0,81.58648199242596,100,25,400,300,23,500,45,0,100,3,400
278,232,0,81.58648199242596,100,25,400,300,24,500,45,0,100,3,400
279,231,0,81.58648199242596,100,25,400,300,26,500,45,0,100,4,400
280,230,0,81.58648199242596,100,25,400,300,28,500,45,0,100,5,400
281,229,0,81.58648199242596,100,25,400,300,28,500,45,0,100,5,400
282,228,0,81.58648199242596,100,25,400,300,28,500,48,0,100,5,400
283,227,0,81.58648199242596,100,25,400,300,29,500,48,0,100,5,400
284,226,0,81.58648199242596,100,25,400,300,23,500,57,0,100,5,400
285,225,0,81.58648199242596,100,25,400,300,24,500,57,0,100,5,400
286,224,0,81.58648199242596,100,25,400,300,25,500,57,0,100,5,400
287,223,0,81.58648199242596,100,25,400,300,27,500,57,0,100,5,400
288,222,0,81.58648199242596,100,25,400,300,29,500,58,0,100,5,400
289,221,0,81.58648199242596,100,25,400,300,20,500,68,0,100,5,400
290,220,0,81.58648199242596,100,25,400,300,20,500,68,0,100,5,400
291,219,0,81.58648199242596,100,25,400,300,22,500,68,0,100,5,400
292,218,0,81.58648199242596,100,25,400,300,23,500,68,0,100,6,400
293,217,0,81.58648199242596,100,25,400,300,24,500,68,0,100,6,400
294,216,0,81.58648199242596,100,25,400,300,25,500,68,0,100,6,400
295,215,0,81.58648199242596,100,25,400,300,27,500,68,0,100,8,400
296,214,0,81.58648199242596,100,25,400,300,28,500,68,0,100,8,400
297,213,0,81.58648199242596,100,25,400,300,26,500,72,0,100,9,400
298,212,0,81.58648199242596,100,25,400,300,27,500,72,0,100,9,400
299,211,0,81.58648199242596,100,25,400,300,27,500,72,0,100,9,400
300,210,0,81.58648199242596,100,25,400,300,28,500,72,0,100,9,400
301,209,0,81.58648199242596,100,25,400,300,29,500,72,0,100,9,400
302,208,0,81.58648199242596,100,25,400,300,29,500,72,0,100,9,400
303,207,0,81.58648199242596,100,25,400,300,29,500,72,0,100,9,400
304,206,0,81.58648199242596,100,25,400,300,29,500,72,0,100,9,400
305,205,0,81.58648199242596,100,25,400,300,26,500,78,0,100,9,400
306,204,0,81.58648199242596,100,25,400,300,26,500,78,0,100,9,400
307,203,0,81.58648199242596,100,25,400,300,26,500,78,0,100,10,400
308,202,0,81.58648199242596,100,25,400,300,27,500,78,0,100,10,400
309,201,0,81.58648199242596,100,25,400,300,29,500,78,0,100,10,400
310,200,0,81.58648199242596,100,25,400,300,21,500,87,0,100,10,400
311,199,0,81.58648199242596,100,25,400,300,23,500,87,0,100,10,400
312,198,0,81.58648199242596,100,25,400,300,23,500,87,0,100,10,400
313,197,0,81.58648199242596,100,25,400,300,24,500,87,0,100,10,400
314,196,0,81.58648199242596,100,25,400,300,25,500,87,0,100,10,400
315,195,0,81.58648199242596,100,25,400,300,25,500,87,0,100,10,400
316,194,0,81.58648199242596,100,25,400,300,26,500,87,0,100,10,400
317,193,0,81.58648199242596,100,25,400,300,29,500,87,0,100,10,400
318,192,0,81.58648199242596,100,25,400,300,29,500,89,0,100,10,400
319,191,0,81.58648199242596,100,25,400,300,26,500,93,2,100,8,398
320,190,0,81.58648199242596,100,25,400,300,29,500,93,2,100,8,398
321,189,0,81.58648199242596,100,25,400,300,25,500,100,2,100,8,398
322,188,0,81.58648199242596,100,25,400,300,26,500,100,2,100,8,398
323,187,0,81.58648199242596,100,25,400,300,27,500,100,2,100,8,398
324,186,0,81.58648199242596,100,25,400,300,28,500,100,2,100,8,398
325,185,0,81.58648199242596,100,25,400,300,29,500,100,2,100,8,398
326,184,0,81.58648199242596,100,25,400,300,29,500,100,2,100,8,398
327,183,0,81.58648199242596,100,25,400,300,29,500,100,2,100,8,398
328,182,0,81.58648199242596,100,25,400,300,29,500,100,2,100,8,398
329,181,0,81.58648199242596,100,25,400,300,24,500,106,2,100,8,398
330,180,0,81.58648199242596,100,25,400,300,25,500,106,2,100,8,398
331,179,0,81.58648199242596,100,25,400,300,28,500,106,2,100,8,398
332,178,0,81.58648199242596,100,25,400,300,24,500,112,2,100,8,398
333,177,0,81.58648199242596,100,25,400,300,26,500,112,2,100,8,398
334,176,0,81.58648199242596,100,25,400,300,28,500,112,2,100,9,398
335,175,0,81.58648199242596,100,25,400,300,24,500,119,2,100,10,398
336,174,0,81.58648199242596,100,25,400,300,25,500,119,2,100,11,398
337,173,0,81.58648199242596,100,25,400,300,25,500,119,2,100,13,398
338,172,0,81.58648199242596,100,25,400,300,27,500,119,2,100,14,398
339,171,0,81.58648199242596,100,25,400,300,27,500,119,2,100,14,398
340,170,0,81.58648199242596,100,25,400,300,28,500,123,2,100,14,398
341,169,0,81.58648199242596,100,25,400,300,25,500,129,2,100,14,398
342,168,0,81.58648199242596,100,25,400,300,27,500,129,2,100,14,398
343,167,0,81.58648199242596,100,25,400,300,27,500,132,2,100,14,398
344,166,0,81.58648199242596,100,25,400,300,23,500,139,2,100,15,398
345,165,0,81.58648199242596,100,25,400,300,25,500,139,2,100,15,398
346,164,0,81.58648199242596,100,25,400,300,26,500,139,2,100,15,398
347,163,0,81.58648199242596,100,25,400,300,27,500,139,2,100,15,398
348,162,0,81.58648199242596,100,25,400,300,28,500,139,2,100,15,398
349,161,0,81.58648199242596,100,25,400,300,28,500,139,2,100,15,398
350,160,0,81.58648199242596,100,25,400,300,28,500,141,2,100,15,398
351,159,0,81.58648199242596,100,25,400,300,29,500,142,2,100,15,398
352,158,0,81.58648199242596,100,25,400,300,30,500,143,2,100,15,398
353,157,0,81.58648199242596,100,25,400,300,23,500,150,2,100,15,398
354,156,0,81.58648199242596,100,25,400,300,26,500,150,2,100,15,398
355,155,0,81.58648199242596,100,25,400,300,28,500,150,2,100,16,398
356,154,0,81.58648199242596,100,25,400,300,29,500,150,2,100,16,398
357,153,0,81.58648199242596,100,25,400,300,29,500,151,2,100,16,398
358,152,0,81.58648199242596,100,25,400,300,29,500,151,2,100,16,398
359,151,0,81.58648199242596,100,25,400,300,28,500,153,2,100,16,398
360,150,0,81.58648199242596,100,25,400,300,22,500,162,2,100,16,398
361,149,0,81.58648199242596,100,25,400,300,24,500,162,2,100,17,398
362,148,0,81.58648199242596,100,25,400,300,27,500,162,2,100,19,398
363,147,0,81.58648199242596,100,25,400,300,29,500,162,4,100,18,396
364,146,0,81.58648199242596,100,25,400,300,23,500,169,4,100,20,396
365,145,0,81.58648199242596,100,25,400,300,25,500,169,4,100,22,396
366,144,0,81.58648199242596,100,25,400,300,26,500,169,4,100,23,396
367,143,0,81.58648199242596,100,25,400,300,27,500,169,4,100,24,396
368,142,0,81.58648199242596,100,25,400,300,27,500,169,4,100,24,396
369,141,0,81.58648199242596,100,25,400,300,29,500,169,4,100,24,396
370,140,0,81.58648199242596,100,25,400,300,29,500,169,4,100,24,396
371,139,0,81.58648199242596,100,25,400,300,29,500,169,4,100,24,396
372,138,0,81.58648199242596,100,25,400,300,29,500,169,4,100,24,396
373,137,0,81.58648199242596,100,25,400,300,22,500,178,4,100,25,396
374,136,0,81.58648199242596,100,25,400,300,22,500,178,5,100,26,395
375,135,0,81.58648199242596,100,25,400,300,26,500,178,5,100,26,395
376,134,0,81.58648199242596,100,25,400,300,26,500,178,5,100,26,395
377,133,0,81.58648199242596,100,25,400,300,27,500,178,5,100,26,395
378,132,0,81.58648199242596,100,25,400,300,28,500,178,5,100,27,395
379,131,0,81.58648199242596,100,25,400,300,29,500,178,5,100,29,395
380,130,0,81.58648199242596,100,25,400,300,29,500,178,5,100,29,395
381,129,0,81.58648199242596,100,25,400,300,22,500,186,5,100,30,395
382,128,0,81.58648199242596,100,25,400,300,25,500,186,5,100,32,395
383,127,0,81.58648199242596,100,25,400,300,26,500,186,5,100,33,395
384,126,0,81.58648199242596,100,25,400,300,26,500,186,5,100,33,395
385,125,0,81.58648199242596,100,25,400,300,26,500,186,5,100,33,395
386,124,0,81.58648199242596,100,25,400,300,28,500,186,5,100,35,395
387,123,0,81.58648199242596,100,25,400,300,21,500,196,6,100,35,394
388,122,0,81.58648199242596,100,25,400,300,22,500,196,6,100,37,394
389,121,0,81.58648199242596,100,25,400,300,24,500,196,6,100,37,394
390,120,0,81.58648199242596,100,25,400,300,24,500,196,6,100,37,394
391,119,0,81.58648199242596,100,25,400,300,26,500,196,6,100,39,394
392,118,0,81.58648199242596,100,25,400,300,28,500,196,6,100,40,394
393,117,0,81.58648199242596,100,25,400,300,21,500,205,6,100,41,394
394,116,0,81.58648199242596,100,25,400,300,22,500,205,6,100,42,394
395,115,0,81.58648199242596,100,25,400,300,26,500,205,6,100,42,394
396,114,0,81.58648199242596,100,25,400,300,29,500,205,6,100,43,394
397,113,0,81.58648199242596,100,25,400,300,26,500,211,6,100,45,394
398,112,0,81.58648199242596,100,25,400,300,29,500,211,6,100,46,394
399,111,0,81.58648199242596,100,25,400,300,29,500,213,6,100,47,394
400,110,0,81.58648199242596,100,25,400,300,23,500,222,6,100,47,394
401,109,0,81.58648199242596,100,25,400,300,25,500,222,6,100,48,394
402,108,0,81.58648199242596,100,25,400,300,28,500,222,6,100,51,394
403,107,0,81.58648199242596,100,25,400,300,21,500,231,6,100,53,394
404,106,0,81.58648199242596,100,25,400,300,23,500,231,6,100,55,394
405,105,0,81.58648199242596,100,25,400,300,25,500,231,6,100,56,394
406,104,0,81.58648199242596,100,25,400,300,27,500,231,6,100,56,394
407,103,0,81.58648199242596,100,25,400,300,34,500,232,6,100,56,394
408,102,0,81.58648199242596,100,25,400,300,32,500,237,6,100,56,394
409,101,0,81.58648199242596,100,25,400,300,29,500,245,6,100,58,394
410,100,0,81.58648199242596,100,25,400,300,22,500,254,6,100,60,394
411,99,0,81.58648199242596,100,25,400,300,25,500,254,6,100,61,394
412,98,0,81.58648199242596,100,25,400,300,28,500,254,7,100,63,393
413,97,0,81.58648199242596,100,25,400,300,27,500,260,7,100,66,393
414,96,0,81.58648199242596,100,25,400,300,27,500,263,7,100,67,393
415,95,0,81.58648199242596,100,25,400,300,23,500,270,7,100,67,393
416,94,0,81.58648199242596,100,25,400,300,26,500,270,7,100,67,393
417,93,0,81.58648199242596,100,25,400,300,28,500,270,7,100,67,393
418,92,0,81.58648199242596,100,25,400,300,29,500,273,7,100,67,393
419,91,0,81.58648199242596,100,25,400,300,28,500,275,7,100,68,393
420,90,0,81.58648199242596,100,25,400,300,28,500,279,7,100,70,393
421,89,0,81.58648199242596,100,25,400,300,27,500,285,7,100,70,393
422,88,0,81.58648199242596,100,25,400,300,29,500,287,7,100,70,393
423,87,0,81.58648199242596,100,25,400,300,24,500,294,7,100,71,393
424,86,0,81.58648199242596,100,25,400,300,25,500,294,7,100,71,393
425,85,0,81.58648199242596,100,25,400,300,28,500,294,7,100,72,393
426,84,0,81.58648199242596,100,25,400,300,27,500,297,7,100,72,393
427,83,0,81.58648199242596,100,25,400,300,28,500,297,7,100,73,393
428,82,0,81.58648199242596,100,25,400,300,23,500,305,7,100,73,393
429,81,0,81.58648199242596,100,25,400,300,25,500,305,7,100,73,393
430,80,0,81.58648199242596,100,25,400,300,28,500,305,7,100,73,393
431,79,0,81.58648199242596,100,25,400,300,29,500,305,7,100,76,393
432,78,0,81.58648199242596,100,25,400,300,29,500,306,7,100,77,393
433,77,0,81.58648199242596,100,25,400,300,30,500,307,7,100,79,393
434,76,0,81.58648199242596,100,25,400,300,29,500,310,8,100,79,392
435,75,0,81.58648199242596,100,25,400,300,29,500,311,8,100,80,392
436,74,0,81.58648199242596,100,25,400,300,20,500,321,8,100,80,392
437,73,0,81.58648199242596,100,25,400,300,21,500,321,8,100,82,392
438,72,0,81.58648199242596,100,25,400,300,24,500,321,8,100,84,392
439,71,0,81.58648199242596,100,25,400,300,29,500,321,8,100,84,392
440,70,0,81.58648199242596,100,25,400,300,27,500,325,8,100,84,392
441,69,0,81.58648199242596,100,25,400,300,27,500,325,8,100,84,392
442,68,0,81.58648199242596,100,25,400,300,28,500,325,8,100,85,392
443,67,0,81.58648199242596,100,25,400,300,29,500,325,8,100,86,392
444,66,0,81.58648199242596,100,25,400,300,29,500,325,9,100,88,391
445,65,0,81.58648199242596,100,25,400,300,29,500,328,9,100,88,391
446,64,0,81.58648199242596,100,25,400,300,29,500,328,9,100,88,391
447,63,0,81.58648199242596,100,25,400,300,30,500,328,9,100,89,391
448,62,0,81.58648199242596,100,25,400,300,23,500,335,9,100,90,391
449,61,0,81.58648199242596,100,25,400,300,25,500,335,9,100,91,391
450,60,0,81.58648199242596,100,25,400,300,25,500,335,9,100,92,391
451,59,0,81.58648199242596,100,25,400,300,26,500,335,9,100,95,391
452,58,0,81.58648199242596,100,25,400,300,26,500,335,9,100,96,391
453,57,0,81.58648199242596,100,25,400,300,26,500,335,9,100,96,391
454,56,0,81.58648199242596,100,25,400,300,28,500,335,9,100,98,391
455,55,0,81.58648199242596,100,25,400,300,29,500,335,9,100,98,391
456,54,0,81.58648199242596,100,25,400,300,24,500,341,9,100,98,391
457,53,0,81.58648199242596,100,25,400,300,25,500,341,9,100,98,391
458,52,0,81.58648199242596,100,25,400,300,27,500,341,9,100,98,391
459,51,0,81.58648199242596,100,25,400,300,28,500,341,9,100,99,391
460,50,0,81.58648199242596,100,25,400,300,31,500,341,9,100,99,391
461,49,0,81.58648199242596,100,25,400,300,31,500,343,9,100,99,391
462,48,0,81.58648199242596,100,25,400,300,24,500,352,9,100,100,391
463,47,0,81.58648199242596,100,25,400,300,27,500,352,10,100,99,390
464,46,0,81.58648199242596,100,25,400,300,28,500,355,10,100,99,390
465,45,0,81.58648199242596,100,25,400,300,29,500,357,10,100,99,390
466,44,0,81.58648199242596,100,25,400,300,27,500,360,10,100,102,390
467,43,0,81.58648199242596,100,25,400,300,27,500,360,10,100,104,390
468,42,0,81.58648199242596,100,25,400,300,28,500,360,10,100,104,390
469,41,0,81.58648199242596,100,25,400,300,28,500,360,10,100,104,390
470,40,0,81.58648199242596,100,25,400,300,28,500,360,10,100,106,390
471,39,0,81.58648199242596,100,25,400,300,29,500,360,10,100,107,390
472,38,0,81.58648199242596,100,25,400,300,29,500,362,10,100,107,390
473,37,0,81.58648199242596,100,25,400,300,25,500,367,10,100,108,390
474,36,0,81.58648199242596,100,25,400,300,25,500,367,11,100,109,389
475,35,0,81.58648199242596,100,25,400,300,27,500,367,11,100,111,389
476,34,0,81.58648199242596,100,25,400,300,20,500,377,11,100,111,389
477,33,0,81.58648199242596,100,25,400,300,22,500,377,11,100,112,389
478,32,0,81.58648199242596,100,25,400,300,24,500,377,11,100,112,389
479,31,0,81.58648199242596,100,25,400,300,26,500,377,11,100,114,389
480,30,0,81.58648199242596,100,25,400,300,27,500,377,12,100,114,388
481,29,0,81.58648199242596,100,25,400,300,29,500,377,12,100,116,388
482,28,0,81.58648199242596,100,25,400,300,22,500,385,12,100,117,388
483,27,0,81.58648199242596,100,25,400,300,23,500,385,12,100,120,388
484,26,0,81.58648199242596,100,25,400,300,23,500,385,12,100,121,388
485,25,0,81.58648199242596,100,25,400,300,25,500,385,12,100,126,388
486,24,0,81.58648199242596,100,25,400,300,26,500,385,12,100,126,388
487,23,0,81.58648199242596,100,25,400,300,26,500,385,12,100,127,388
488,22,0,81.58648199242596,100,25,400,300,27,500,385,12,100,127,388
489,21,0,81.58648199242596,100,25,400,300,27,500,385,12,100,128,388
490,20,0,81.58648199242596,100,25,400,300,27,500,385,12,100,128,388
491,19,0,81.58648199242596,100,25,400,300,28,500,385,12,100,128,388
492,18,0,81.58648199242596,100,25,400,300,28,500,385,12,100,130,388
493,17,0,81.58648199242596,100,25,400,300,25,500,390,12,100,130,388
494,16,0,81.58648199242596,100,25,400,300,26,500,390,12,100,131,388
495,15,0,81.58648199242596,100,25,400,300,28,500,390,12,100,132,388
496,14,0,81.58648199242596,100,25,400,300,26,500,394,12,100,133,388
497,13,0,81.58648199242596,100,25,400,300,27,500,394,13,100,133,387
498,12,0,81.58648199242596,100,25,400,300,27,500,397,13,100,133,387
499,11,0,81.58648199242596,100,25,400,300,27,500,397,13,100,134,387
500,10,0,81.58648199242596,100,25,400,300,28,500,397,13,100,138,387
501,10,0,81.58648199242596,100,25,400,300,29,500,397,13,100,139,387
502,10,0,81.58648199242596,100,25,400,300,27,500,403,13,100,143,387
503,10,0,81.58648199242596,100,25,400,300,29,500,403,13,100,146,387
504,10,0,81.58648199242596,100,25,400,300,25,500,410,13,100,148,387
505,10,0,81.58648199242596,100,25,400,300,28,500,410,13,100,150,387
506,10,0,81.58648199242596,100,25,400,300,27,500,413,13,100,151,387
507,10,0,81.58648199242596,100,25,400,300,29,500,413,13,100,151,387
508,10,0,81.58648199242596,100,25,400,300,30,500,413,14,100,152,386
509,10,0,81.58648199242596,100,25,400,300,24,500,420,14,100,155,386
510,10,0,81.58648199242596,100,25,400,300,25,500,420,14,100,159,386
511,10,0,81.58648199242596,100,25,400,300,28,500,420,14,100,159,386
512,10,0,81.58648199242596,100,25,400,300,24,500,427,14,100,162,386
513,10,0,81.58648199242596,100,25,400,300,25,500,427,14,100,167,386
514,10,0,81.58648199242596,100,25,400,300,27,500,427,14,100,167,386
515,10,0,81.58648199242596,100,25,400,300,28,500,427,14,100,168,386
516,10,0,81.58648199242596,100,25,400,300,27,500,433,14,100,169,386
517,10,0,81.58648199242596,100,25,400,300,28,500,433,14,100,172,386
518,10,0,81.58648199242596,100,25,400,300,26,500,437,14,100,175,386
519,10,0,81.58648199242596,100,25,400,300,28,500,437,15,100,175,385
520,10,0,81.58648199242596,100,25,400,300,29,500,437,15,100,177,385
521,10,0,81.58648199242596,100,25,400,300,20,500,447,15,100,181,385
522,10,0,81.58648199242596,100,25,400,300,22,500,447,18,100,181,382
523,10,0,81.58648199242596,100,25,400,300,25,500,447,18,100,182,382
524,10,0,81.58648199242596,100,25,400,300,26,500,447,18,100,184,382
525,10,0,81.58648199242596,100,25,400,300,27,500,447,18,100,185,382
526,10,0,81.58648199242596,100,25,400,300,29,500,448,18,100,186,382
527,10,0,81.58648199242596,100,25,400,300,30,500,448,19,100,186,381
528,10,0,81.58648199242596,100,25,400,300,21,500,457,19,100,187,381
529,10,0,81.58648199242596,100,25,400,300,24,500,457,19,100,189,381
530,10,0,81.58648199242596,100,25,400,300,28,500,457,19,100,191,381
531,10,0,81.58648199242596,100,25,400,300,28,500,457,19,100,191,381
532,10,0,81.58648199242596,100,25,400,300,22,500,466,19,100,192,381
533,10,0,81.58648199242596,100,25,400,300,24,500,466,19,100,193,381
534,10,0,81.58648199242596,100,25,400,300,28,500,466,20,100,192,380
535,10,0,81.58648199242596,100,25,400,300,25,500,471,20,100,195,380
536,10,0,81.58648199242596,100,25,400,300,27,500,471,20,100,196,380
537,10,0,81.58648199242596,100,25,400,300,28,500,471,20,100,198,380
538,10,0,81.58648199242596,100,25,400,300,20,500,481,20,100,200,380
539,10,0,81.58648199242596,100,25,400,300,23,500,481,21,100,202,379
540,10,0,81.58648199242596,100,25,400,300,28,500,481,21,100,204,379
541,10,0,81.58648199242596,100,25,400,300,29,500,481,21,100,204,379
542,10,0,81.58648199242596,100,25,400,300,29,500,484,21,100,207,379
543,10,0,81.58648199242596,100,25,400,300,25,500,489,21,100,207,379
544,10,0,81.58648199242596,100,25,400,300,28,500,489,21,100,208,379
545,10,0,81.58648199242596,100,25,400,300,34,500,489,23,100,206,377
546,10,0,81.58648199242596,100,25,400,300,36,500,491,24,100,206,376
547,10,0,81.58648199242596,100,25,400,300,35,500,496,24,100,209,376
548,10,0,81.58648199242596,100,25,400,300,34,500,498,24,100,211,376
549,10,0,81.58648199242596,100,25,400,300,33,500,502,24,100,215,376
550,10,0,81.58648199242596,100,25,400,300,36,500,503,25,100,216,375
551,10,0,81.58648199242596,100,25,400,300,32,500,509,25,100,217,375
552,10,0,81.58648199242596,100,25,400,300,27,500,515,25,100,218,375
553,10,0,81.58648199242596,100,25,400,300,27,500,515,25,100,221,375
554,10,0,81.58648199242596,100,25,400,300,28,500,515,25,100,222,375
555,10,0,81.58648199242596,100,25,400,300,27,500,519,25,100,225,375
556,10,0,81.58648199242596,100,25,400,300,25,500,525,25,100,227,375
557,10,0,81.58648199242596,100,25,400,300,28,500,525,25,100,229,375
558,10,0,81.58648199242596,100,25,400,300,27,500,529,26,100,230,374
559,10,0,81.58648199242596,100,25,400,300,31,500,529,26,100,231,374
560,10,0,81.58648199242596,100,25,400,300,26,500,537,26,100,236,374
561,10,0,81.58648199242596,100,25,400,300,28,500,540,26,100,238,374
562,10,0,81.58648199242596,100,25,400,300,29,500,545,26,100,240,374
563,10,0,81.58648199242596,100,25,400,300,30,500,547,27,100,241,373
564,10,0,81.58648199242596,100,25,400,300,26,500,554,27,100,247,373
565,10,0,81.58648199242596,100,25,400,300,30,500,554,27,100,250,373
566,10,0,81.58648199242596,100,25,400,300,35,500,554,28,100,253,372
567,10,0,81.58648199242596,100,25,400,300,29,500,561,30,100,252,370
568,10,0,81.58648199242596,100,25,400,300,25,500,566,30,100,256,370
569,10,0,81.58648199242596,100,25,400,300,28,500,566,30,100,258,370
570,10,0,81.58648199242596,100,25,400,300,29,500,566,30,100,259,370
571,10,0,81.58648199242596,100,25,400,300,29,500,566,33,100,256,367
572,10,0,81.58648199242596,100,25,400,300,21,500,575,33,100,261,367
573,10,0,81.58648199242596,100,25,400,300,24,500,575,33,100,265,367
574,10,0,81.58648199242596,100,25,400,300,26,500,575,33,100,268,367
575,10,0,81.58648199242596,100,25,400,300,28,500,575,33,100,272,367
576,10,0,81.58648199242596,100,25,400,300,29,500,575,33,100,273,367
577,10,0,81.58648199242596,100,25,400,300,20,500,585,33,100,275,367
578,10,0,81.58648199242596,100,25,400,300,21,500,585,33,100,279,367
579,10,0,81.58648199242596,100,25,400,300,27,500,585,33,100,279,367
580,10,0,81.58648199242596,100,25,400,300,25,500,591,33,100,280,367
581,10,0,81.58648199242596,100,25,400,300,28,500,591,33,100,283,367
582,10,0,81.58648199242596,100,25,400,300,25,500,597,34,100,285,366
583,10,0,81.58648199242596,100,25,400,300,31,500,597,35,100,284,365
584,10,0,81.58648199242596,100,25,400,300,27,500,607,36,100,283,364
585,10,0,81.58648199242596,100,25,400,300,24,500,614,36,100,286,364
586,10,0,81.58648199242596,100,25,400,300,25,500,614,37,100,287,363
587,10,0,81.58648199242596,100,25,400,300,27,500,614,37,100,289,363
588,10,0,81.58648199242596,100,25,400,300,30,500,614,37,100,292,363
589,10,0,81.58648199242596,100,25,400,300,32,500,614,37,100,295,363
590,10,0,81.58648199242596,100,25,400,300,33,500,615,37,100,296,363
591,10,0,81.58648199242596,100,25,400,300,34,500,619,38,100,297,362
592,10,0,81.58648199242596,100,25,400,300,32,500,622,38,100,298,362
593,10,0,81.58648199242596,100,25,400,300,29,500,627,39,100,299,361
594,10,0,81.58648199242596,100,25,400,300,21,500,636,40,100,300,360
595,10,0,81.58648199242596,100,25,400,300,23,500,636,40,100,303,360
596,10,0,81.58648199242596,100,25,400,300,26,500,636,40,100,308,360
597,10,0,81.58648199242596,100,25,400,300,27,500,636,41,100,311,359
598,10,0,81.58648199242596,100,25,400,300,28,500,638,41,100,316,359
599,10,0,81.58648199242596,100,25,400,300,29,500,638,41,100,322,359
600,10,0,81.58648199242596,100,25,400,300,31,500,639,41,100,327,359
601,10,0,81.58648199242596,100,25,400,300,28,500,645,42,100,326,358
602,10,0,81.58648199242596,100,25,400,300,22,500,653,42,100,327,358
603,10,0,81.58648199242596,100,25,400,300,26,500,653,42,100,328,358
604,10,0,81.58648199242596,100,25,400,300,27,500,653,43,100,327,357
605,10,0,81.58648199242596,100,25,400,300,28,500,653,43,100,334,357
606,10,0,81.58648199242596,100,25,400,300,20,500,663,45,100,335,355
607,10,0,81.58648199242596,100,25,400,300,22,500,663,45,100,338,355
608,10,0,81.58648199242596,100,25,400,300,24,500,663,45,100,338,355
609,10,0,81.58648199242596,100,25,400,300,26,500,663,45,100,341,355
610,10,0,81.58648199242596,100,25,400,300,27,500,663,45,100,344,355
611,10,0,81.58648199242596,100,25,400,300,28,500,663,45,100,345,355
612,10,0,81.58648199242596,100,25,400,300,29,500,663,45,100,351,355
613,10,0,81.58648199242596,100,25,400,300,28,500,668,45,100,355,355
614,10,0,81.58648199242596,100,25,400,300,31,500,669,45,100,355,355
615,10,0,81.58648199242596,100,25,400,300,33,500,671,45,100,358,355
616,10,0,81.58648199242596,100,25,400,300,31,500,676,46,100,359,354
617,10,0,81.58648199242596,100,25,400,300,33,500,676,46,100,363,354
618,10,0,81.58648199242596,100,25,400,300,35,500,676,46,100,368,354
619,10,0,81.58648199242596,100,25,400,300,38,500,676,46,100,371,354
620,10,0,81.58648199242596,100,25,400,300,39,500,678,46,100,376,354
621,10,0,81.58648199242596,100,25,400,300,39,500,684,46,100,377,354
622,10,0,81.58648199242596,100,25,400,300,37,500,687,46,100,376,354
623,10,0,81.58648199242596,100,25,400,300,36,500,692,46,100,381,354
624,10,0,81.58648199242596,100,25,400,300,35,500,694,46,100,383,354
625,10,0,81.58648199242596,100,25,400,300,26,500,704,49,100,382,351
626,10,0,81.58648199242596,100,25,400,300,28,500,704,49,100,385,351
627,10,0,81.58648199242596,100,25,400,300,28,500,704,52,100,386,348
628,10,0,81.58648199242596,100,25,400,300,28,500,704,52,100,389,348
629,10,0,81.58648199242596,100,25,400,300,28,500,704,53,100,391,347
630,10,0,81.58648199242596,100,25,400,300,21,500,713,53,100,394,347
631,10,0,81.58648199242596,100,25,400,300,23,500,713,53,100,396,347
632,10,0,81.58648199242596,100,25,400,300,24,500,713,53,100,401,347
633,10,0,81.58648199242596,100,25,400,300,24,500,713,53,100,401,347
634,10,0,81.58648199242596,100,25,400,300,28,500,713,54,100,403,346
635,10,0,81.58648199242596,100,25,400,300,29,500,713,54,100,407,346
636,10,0,81.58648199242596,100,25,400,300,31,500,715,54,100,409,346
637,10,0,81.58648199242596,100,25,400,300,25,500,724,54,100,411,346
638,10,0,81.58648199242596,100,25,400,300,28,500,724,55,100,413,345
639,10,0,81.58648199242596,100,25,400,300,29,500,724,55,100,418,345
640,10,0,81.58648199242596,100,25,400,300,30,500,725,55,100,422,345
641,10,0,81.58648199242596,100,25,400,300,28,500,730,55,100,428,345
642,10,0,81.58648199242596,100,25,400,300,28,500,734,56,100,427,344
643,10,0,81.58648199242596,100,25,400,300,24,500,740,57,100,429,343
644,10,0,81.58648199242596,100,25,400,300,24,500,740,57,100,432,343
645,10,0,81.58648199242596,100,25,400,300,26,500,740,57,100,437,343
646,10,0,81.58648199242596,100,25,400,300,29,500,740,57,100,442,343
647,10,0,81.58648199242596,100,25,400,300,30,500,741,57,100,445,343
648,10,0,81.58648199242596,100,25,400,300,23,500,749,58,100,446,342
649,10,0,81.58648199242596,100,25,400,300,27,500,749,58,100,448,342
650,10,0,81.58648199242596,100,25,400,300,20,500,759,58,100,452,342
651,10,0,81.58648199242596,100,25,400,300,21,500,759,58,100,457,342
652,10,0,81.58648199242596,100,25,400,300,22,500,759,59,100,460,341
653,10,0,81.58648199242596,100,25,400,300,27,500,759,60,100,460,340
654,10,0,81.58648199242596,100,25,400,300,27,500,762,61,100,464,339
655,10,0,81.58648199242596,100,25,400,300,27,500,762,61,100,465,339
656,10,0,81.58648199242596,100,25,400,300,27,500,762,61,100,469,339
657,10,0,81.58648199242596,100,25,400,300,29,500,762,61,100,473,339
658,10,0,81.58648199242596,100,25,400,300,29,500,763,62,100,476,338
659,10,0,81.58648199242596,100,25,400,300,21,500,772,62,100,480,338
660,10,0,81.58648199242596,100,25,400,300,21,500,772,62,100,480,338
661,10,0,81.58648199242596,100,25,400,300,24,500,772,63,100,479,337
662,10,0,81.58648199242596,100,25,400,300,27,500,772,63,100,485,337
663,10,0,81.58648199242596,100,25,400,300,29,500,772,64,100,489,336
664,10,0,81.58648199242596,100,25,400,300,29,500,774,64,100,491,336
665,10,0,81.58648199242596,100,25,400,300,29,500,774,65,100,493,335
666,10,0,81.58648199242596,100,25,400,300,24,500,780,67,100,495,333
667,10,0,81.58648199242596,100,25,400,300,26,500,780,67,100,497,333
668,10,0,81.58648199242596,100,25,400,300,27,500,780,67,100,503,333
669,10,0,81.58648199242596,100,25,400,300,20,500,790,67,100,511,333
670,10,0,81.58648199242596,100,25,400,300,22,500,790,68,100,515,332
671,10,0,81.58648199242596,100,25,400,300,25,500,790,69,100,519,331
672,10,0,81.58648199242596,100,25,400,300,25,500,790,69,100,522,331
673,10,0,81.58648199242596,100,25,400,300,26,500,790,69,100,525,331
674,10,0,81.58648199242596,100,25,400,300,26,500,790,69,100,529,331
675,10,0,81.58648199242596,100,25,400,300,26,500,790,70,100,532,330
676,10,0,81.58648199242596,100,25,400,300,27,500,790,70,100,537,330
677,10,0,81.58648199242596,100,25,400,300,26,500,794,71,100,539,329
678,10,0,81.58648199242596,100,25,400,300,27,500,794,72,100,543,328
679,10,0,81.58648199242596,100,25,400,300,28,500,794,72,100,547,328
680,10,0,81.58648199242596,100,25,400,300,29,500,794,73,100,556,327
681,10,0,81.58648199242596,100,25,400,300,24,500,803,73,100,559,327
682,10,0,81.58648199242596,100,25,400,300,26,500,803,74,100,565,326
683,10,0,81.58648199242596,100,25,400,300,28,500,803,74,100,574,326
684,10,0,81.58648199242596,100,25,400,300,25,500,809,74,100,580,326
685,10,0,81.58648199242596,100,25,400,300,26,500,809,74,100,585,326
686,10,0,81.58648199242596,100,25,400,300,27,500,809,74,100,590,326
687,10,0,81.58648199242596,100,25,400,300,28,500,809,74,100,596,326
688,10,0,81.58648199242596,100,25,400,300,25,500,814,74,100,602,326
689,10,0,81.58648199242596,100,25,400,300,28,500,814,74,100,607,326
690,10,0,81.58648199242596,100,25,400,300,30,500,814,74,100,611,326
691,10,0,81.58648199242596,100,25,400,300,24,500,821,74,100,617,326
692,10,0,81.58648199242596,100,25,400,300,24,500,821,75,100,619,325
693,10,0,81.58648199242596,100,25,400,300,24,500,821,75,100,622,325
694,10,0,81.58648199242596,100,25,400,300,27,500,821,75,100,623,325
695,10,0,81.58648199242596,100,25,400,300,29,500,821,75,100,627,325
696,10,0,81.58648199242596,100,25,400,300,23,500,830,77,100,626,323
697,10,0,81.58648199242596,100,25,400,300,27,500,830,77,100,627,323
698,10,0,81.58648199242596,100,25,400,300,29,500,831,77,100,629,323
699,10,0,81.58648199242596,100,25,400,300,23,500,838,77,100,633,323
700,10,0,81.58648199242596,100,25,400,300,23,500,838,77,100,640,323
701,10,0,81.58648199242596,100,25,400,300,24,500,838,77,100,645,323
702,10,0,81.58648199242596,100,25,400,300,28,500,838,78,100,649,322
703,10,0,81.58648199242596,100,25,400,300,29,500,838,78,100,649,322
704,10,0,81.58648199242596,100,25,400,300,29,500,838,78,100,652,322
705,10,0,81.58648199242596,100,25,400,300,21,500,847,78,100,657,322
706,10,0,81.58648199242596,100,25,400,300,25,500,847,79,100,658,321
707,10,0,81.58648199242596,100,25,400,300,26,500,847,81,100,660,319
708,10,0,81.58648199242596,100,25,400,300,28,500,847,82,100,663,318
709,10,0,81.58648199242596,100,25,400,300,29,500,847,82,100,667,318
710,10,0,81.58648199242596,100,25,400,300,24,500,853,82,100,670,318
711,10,0,81.58648199242596,100,25,400,300,25,500,853,84,100,672,316
712,10,0,81.58648199242596,100,25,400,300,26,500,853,85,100,673,315
713,10,0,81.58648199242596,100,25,400,300,24,500,859,87,100,672,313
714,10,0,81.58648199242596,100,25,400,300,24,500,859,88,100,674,312
715,10,0,81.58648199242596,100,25,400,300,25,500,859,88,100,679,312
716,10,0,81.58648199242596,100,25,400,300,28,500,859,88,100,681,312
717,10,0,81.58648199242596,100,25,400,300,28,500,859,88,100,682,312
718,10,0,81.58648199242596,100,25,400,300,29,500,859,88,100,685,312
719,10,0,81.58648199242596,100,25,400,300,28,500,861,88,100,689,312
720,10,0,81.58648199242596,100,25,400,300,28,500,863,88,100,689,312
721,10,0,81.58648199242596,100,25,400,300,29,500,863,88,100,693,312
722,10,0,81.58648199242596,100,25,400,300,28,500,867,89,100,692,311
723,10,0,81.58648199242596,100,25,400,300,28,500,867,90,100,694,310
724,10,0,81.58648199242596,100,25,400,300,27,500,871,90,100,698,310
725,10,0,81.58648199242596,100,25,400,300,29,500,871,92,100,697,308
726,10,0,81.58648199242596,100,25,400,300,20,500,881,94,100,695,306
727,10,0,81.58648199242596,100,25,400,300,23,500,881,94,100,695,306
728,10,0,81.58648199242596,100,25,400,300,29,500,881,96,100,697,304
729,10,0,81.58648199242596,100,25,400,300,25,500,887,96,100,697,304
730,10,0,81.58648199242596,100,25,400,300,28,500,887,96,100,702,304
731,10,0,81.58648199242596,100,25,400,300,31,500,888,96,100,703,304
732,10,0,81.58648199242596,100,25,400,300,25,500,896,97,100,704,303
733,10,0,81.58648199242596,100,25,400,300,29,500,896,97,100,705,303
734,10,0,81.58648199242596,100,25,400,300,26,500,902,97,100,710,303
735,10,0,81.58648199242596,100,25,400,300,28,500,902,97,100,715,303
736,10,0,81.58648199242596,100,25,400,300,28,500,902,97,100,717,303
737,10,0,81.58648199242596,100,25,400,300,27,500,905,97,100,722,303
738,10,0,81.58648199242596,100,25,400,300,28,500,907,98,100,725,302
739,10,0,81.58648199242596,100,25,400,300,28,500,907,99,100,728,301
740,10,0,81.58648199242596,100,25,400,300,22,500,917,99,100,733,301
741,10,0,81.58648199242596,100,25,400,300,26,500,917,99,100,737,301
742,10,0,81.58648199242596,100,25,400,300,27,500,917,99,100,741,301
743,10,0,81.58648199242596,100,25,400,300,29,500,917,99,100,743,301
744,10,0,81.58648199242596,100,25,400,300,26,500,924,100,100,745,300
745,10,0,81.58648199242596,100,25,400,300,28,500,924,100,100,748,300
746,10,0,81.58648199242596,100,25,400,300,26,500,928,100,100,749,300
747,10,0,81.58648199242596,100,25,400,300,27,500,928,102,100,756,298
748,10,0,81.58648199242596,100,25,400,300,28,500,928,102,100,761,298
749,10,0,81.58648199242596,100,25,400,300,29,500,928,102,100,763,298
750,10,0,81.58648199242596,100,25,400,300,23,500,936,102,100,766,298
751,10,0,81.58648199242596,100,25,400,300,26,500,936,102,100,768,298
752,10,0,81.58648199242596,100,25,400,300,26,500,936,102,100,771,298
753,10,0,81.58648199242596,100,25,400,300,29,500,936,102,100,775,298
754,10,0,81.58648199242596,100,25,400,300,27,500,939,103,100,776,297
755,10,0,81.58648199242596,100,25,400,300,29,500,939,105,100,780,295
756,10,0,81.58648199242596,100,25,400,300,21,500,949,105,100,782,295
757,10,0,81.58648199242596,100,25,400,300,21,500,949,105,100,789,295
758,10,0,81.58648199242596,100,25,400,300,22,500,949,105,100,794,295
759,10,0,81.58648199242596,100,25,400,300,23,500,949,105,100,799,295
760,10,0,81.58648199242596,100,25,400,300,25,500,949,107,100,800,293
761,10,0,81.58648199242596,100,25,400,300,28,500,949,108,100,807,292
762,10,0,81.58648199242596,100,25,400,300,28,500,949,108,100,810,292
763,10,0,81.58648199242596,100,25,400,300,28,500,951,109,100,815,291
764,10,0,81.58648199242596,100,25,400,300,20,500,961,109,100,821,291
765,10,0,81.58648199242596,100,25,400,300,23,500,961,109,100,824,291
766,10,0,81.58648199242596,100,25,400,300,26,500,961,109,100,828,291
767,10,0,81.58648199242596,100,25,400,300,27,500,961,109,100,830,291
768,10,0,81.58648199242596,100,25,400,300,28,500,961,110,100,833,290
769,10,0,81.58648199242596,100,25,400,300,29,500,962,110,100,837,290
770,10,0,81.58648199242596,100,25,400,300,30,500,963,110,100,841,290
771,10,0,81.58648199242596,100,25,400,300,24,500,972,111,100,844,289
772,10,0,81.58648199242596,100,25,400,300,25,500,972,113,100,846,287
773,10,0,81.58648199242596,100,25,400,300,28,500,972,114,100,850,286
774,10,0,81.58648199242596,100,25,400,300,25,500,978,117,100,850,283
775,10,0,81.58648199242596,100,25,400,300,27,500,978,118,100,854,282
776,10,0,81.58648199242596,100,25,400,300,24,500,984,122,100,853,278
777,10,0,81.58648199242596,100,25,400,300,24,500,984,122,100,853,278
778,10,0,81.58648199242596,100,25,400,300,26,500,984,124,100,859,276
779,10,0,81.58648199242596,100,25,400,300,28,500,984,124,100,864,276
780,10,0,81.58648199242596,100,25,400,300,27,500,991,124,100,870,276
781,10,0,81.58648199242596,100,25,400,300,29,500,991,124,100,878,276
782,10,0,81.58648199242596,100,25,400,300,30,500,993,126,100,879,274
783,10,0,81.58648199242596,100,25,400,300,31,500,994,127,100,883,273
784,10,0,81.58648199242596,100,25,400,300,32,500,995,127,100,888,273
785,10,0,81.58648199242596,100,25,400,300,26,500,1004,127,100,891,273
786,10,0,81.58648199242596,100,25,400,300,28,500,1004,129,100,893,271
787,10,0,81.58648199242596,100,25,400,300,25,500,1009,131,100,897,269
788,10,0,81.58648199242596,100,25,400,300,28,500,1009,132,100,901,268
789,10,0,81.58648199242596,100,25,400,300,31,500,1009,132,100,912,268
790,10,0,81.58648199242596,100,25,400,300,30,500,1014,134,100,912,266
791,10,0,81.58648199242596,100,25,400,300,30,500,1017,134,100,919,266
792,10,0,81.58648199242596,100,25,400,300,25,500,1025,134,100,924,266
793,10,0,81.58648199242596,100,25,400,300,29,500,1025,135,100,924,265
794,10,0,81.58648199242596,100,25,400,300,30,500,1027,135,100,926,265
795,10,0,81.58648199242596,100,25,400,300,24,500,1034,135,100,929,265
796,10,0,81.58648199242596,100,25,400,300,27,500,1034,136,100,932,264
797,10,0,81.58648199242596,100,25,400,300,29,500,1034,136,100,937,264
798,10,0,81.58648199242596,100,25,400,300,32,500,1034,136,100,941,264
799,10,0,81.58648199242596,100,25,400,300,32,500,1035,136,100,946,264
800,10,0,81.58648199242596,100,25,400,300,29,500,1038,137,100,949,263
801,10,0,81.58648199242596,100,25,400,300,31,500,1038,138,100,959,262
802,10,0,81.58648199242596,100,25,400,300,31,500,1038,138,100,964,262
803,10,0,81.58648199242596,100,25,400,300,24,500,1048,138,100,967,262
804,10,0,81.58648199242596,100,25,400,300,26,500,1048,139,100,972,261
805,10,0,81.58648199242596,100,25,400,300,28,500,1048,139,100,973,261
806,10,0,81.58648199242596,100,25,400,300,29,500,1048,139,100,978,261
807,10,0,81.58648199242596,100,25,400,300,29,500,1048,139,100,985,261
808,10,0,81.58648199242596,100,25,400,300,29,500,1048,140,100,988,260
809,10,0,81.58648199242596,100,25,400,300,31,500,1048,140,100,990,260
810,10,0,81.58648199242596,100,25,400,300,31,500,1052,140,100,995,260
811,10,0,81.58648199242596,100,25,400,300,34,500,1052,141,100,1003,259
812,10,0,81.58648199242596,100,25,400,300,28,500,1060,141,100,1008,259
813,10,0,81.58648199242596,100,25,400,300,26,500,1064,141,100,1013,259
814,10,0,81.58648199242596,100,25,400,300,28,500,1064,141,100,1024,259
815,10,0,81.58648199242596,100,25,400,300,29,500,1064,141,100,1032,259
816,10,0,81.58648199242596,100,25,400,300,20,500,1074,142,100,1038,258
817,10,0,81.58648199242596,100,25,400,300,24,500,1074,142,100,1045,258
818,10,0,81.58648199242596,100,25,400,300,25,500,1074,142,100,1052,258
819,10,0,81.58648199242596,100,25,400,300,28,500,1074,142,100,1055,258
820,10,0,81.58648199242596,100,25,400,300,29,500,1076,142,100,1058,258
821,10,0,81.58648199242596,100,25,400,300,26,500,1080,143,100,1058,257
822,10,0,81.58648199242596,100,25,400,300,28,500,1080,144,100,1059,256
823,10,0,81.58648199242596,100,25,400,300,29,500,1081,146,100,1067,254
824,10,0,81.58648199242596,100,25,400,300,29,500,1081,147,100,1071,253
825,10,0,81.58648199242596,100,25,400,300,27,500,1085,148,100,1072,252
826,10,0,81.58648199242596,100,25,400,300,28,500,1085,149,100,1075,251
827,10,0,81.58648199242596,100,25,400,300,28,500,1085,149,100,1079,251
828,10,0,81.58648199242596,100,25,400,300,22,500,1093,149,100,1085,251
829,10,0,81.58648199242596,100,25,400,300,24,500,1093,150,100,1088,250
830,10,0,81.58648199242596,100,25,400,300,28,500,1093,150,100,1096,250
831,10,0,81.58648199242596,100,25,400,300,28,500,1093,152,100,1103,248
832,10,0,81.58648199242596,100,25,400,300,29,500,1095,152,100,1105,248
833,10,0,81.58648199242596,100,25,400,300,31,500,1096,152,100,1112,248
834,10,0,81.58648199242596,100,25,400,300,21,500,1106,152,100,1116,248
835,10,0,81.58648199242596,100,25,400,300,23,500,1106,152,100,1116,248
836,10,0,81.58648199242596,100,25,400,300,26,500,1106,152,100,1120,248
837,10,0,81.58648199242596,100,25,400,300,27,500,1106,153,100,1120,247
838,10,0,81.58648199242596,100,25,400,300,28,500,1106,154,100,1126,246
839,10,0,81.58648199242596,100,25,400,300,28,500,1106,154,100,1132,246
840,10,0,81.58648199242596,100,25,400,300,23,500,1113,155,100,1135,245
841,10,0,81.58648199242596,100,25,400,300,24,500,1113,155,100,1141,245
842,10,0,81.58648199242596,100,25,400,300,27,500,1113,155,100,1149,245
843,10,0,81.58648199242596,100,25,400,300,28,500,1115,156,100,1154,244
844,10,0,81.58648199242596,100,25,400,300,24,500,1121,156,100,1156,244
845,10,0,81.58648199242596,100,25,400,300,25,500,1121,157,100,1159,243
846,10,0,81.58648199242596,100,25,400,300,27,500,1121,158,100,1165,242
847,10,0,81.58648199242596,100,25,400,300,28,500,1121,158,100,1170,242
848,10,0,81.58648199242596,100,25,400,300,27,500,1127,158,100,1172,242
849,10,0,81.58648199242596,100,25,400,300,24,500,1133,158,100,1176,242
850,10,0,81.58648199242596,100,25,400,300,25,500,1133,158,100,1182,242
851,10,0,81.58648199242596,100,25,400,300,27,500,1133,158,100,1186,242
852,10,0,81.58648199242596,100,25,400,300,29,500,1133,160,100,1190,240
853,10,0,81.58648199242596,100,25,400,300,31,500,1134,160,100,1194,240
854,10,0,81.58648199242596,100,25,400,300,23,500,1142,160,100,1199,240
855,10,0,81.58648199242596,100,25,400,300,24,500,1142,160,100,1200,240
856,10,0,81.58648199242596,100,25,400,300,24,500,1142,160,100,1203,240
857,10,0,81.58648199242596,100,25,400,300,26,500,1142,160,100,1206,240
858,10,0,81.58648199242596,100,25,400,300,27,500,1142,160,100,1213,240
859,10,0,81.58648199242596,100,25,400,300,29,500,1142,161,100,1222,239
860,10,0,81.58648199242596,100,25,400,300,26,500,1149,161,100,1232,239
861,10,0,81.58648199242596,100,25,400,300,28,500,1149,162,100,1236,238
862,10,0,81.58648199242596,100,25,400,300,21,500,1158,162,100,1238,238
863,10,0,81.58648199242596,100,25,400,300,24,500,1158,162,100,1244,238
864,10,0,81.58648199242596,100,25,400,300,28,500,1158,163,100,1249,237
865,10,0,81.58648199242596,100,25,400,300,26,500,1162,163,100,1255,237
866,10,0,81.58648199242596,100,25,400,300,28,500,1162,164,100,1255,236
867,10,0,81.58648199242596,100,25,400,300,29,500,1162,165,100,1255,235
868,10,0,81.58648199242596,100,25,400,300,21,500,1172,165,100,1258,235
869,10,0,81.58648199242596,100,25,400,300,24,500,1172,165,100,1262,235
870,10,0,81.58648199242596,100,25,400,300,26,500,1172,166,100,1265,234
871,10,0,81.58648199242596,100,25,400,300,29,500,1172,167,100,1270,233
872,10,0,81.58648199242596,100,25,400,300,30,500,1175,167,100,1274,233
873,10,0,81.58648199242596,100,25,400,300,35,500,1175,167,100,1277,233
874,10,0,81.58648199242596,100,25,400,300,36,500,1176,167,100,1277,233
875,10,0,81.58648199242596,100,25,400,300,36,500,1177,167,100,1279,233
876,10,0,81.58648199242596,100,25,400,300,33,500,1181,169,100,1278,231
877,10,0,81.58648199242596,100,25,400,300,30,500,1185,169,100,1283,231
878,10,0,81.58648199242596,100,25,400,300,31,500,1186,169,100,1284,231
879,10,0,81.58648199242596,100,25,400,300,28,500,1193,170,100,1291,230
880,10,0,81.58648199242596,100,25,400,300,31,500,1198,171,100,1296,229
881,10,0,81.58648199242596,100,25,400,300,31,500,1204,173,100,1296,227
882,10,0,81.58648199242596,100,25,400,300,32,500,1206,173,100,1297,227
883,10,0,81.58648199242596,100,25,400,300,28,500,1212,174,100,1301,226
884,10,0,81.58648199242596,100,25,400,300,22,500,1221,175,100,1305,225
885,10,0,81.58648199242596,100,25,400,300,25,500,1221,175,100,1315,225
886,10,0,81.58648199242596,100,25,400,300,29,500,1221,175,100,1323,225
887,10,0,81.58648199242596,100,25,400,300,25,500,1227,175,100,1330,225
888,10,0,81.58648199242596,100,25,400,300,27,500,1227,175,100,1340,225
889,10,0,81.58648199242596,100,25,400,300,24,500,1234,175,100,1343,225
890,10,0,81.58648199242596,100,25,400,300,29,500,1234,175,100,1347,225
891,10,0,81.58648199242596,100,25,400,300,29,500,1235,176,100,1344,224
892,10,0,81.58648199242596,100,25,400,300,23,500,1243,176,100,1345,224
893,10,0,81.58648199242596,100,25,400,300,23,500,1243,176,100,1346,224
894,10,0,81.58648199242596,100,25,400,300,23,500,1243,176,100,1352,224
895,10,0,81.58648199242596,100,25,400,300,25,500,1243,178,100,1356,222
896,10,0,81.58648199242596,100,25,400,300,27,500,1243,179,100,1356,221
897,10,0,81.58648199242596,100,25,400,300,24,500,1249,179,100,1362,221
898,10,0,81.58648199242596,100,25,400,300,26,500,1249,179,100,1365,221
899,10,0,81.58648199242596,100,25,400,300,27,500,1249,179,100,1370,221
900,10,0,81.58648199242596,100,25,400,300,27,500,1252,180,100,1375,220
901,10,0,81.58648199242596,100,25,400,300,28,500,1252,180,100,1380,220
902,10,0,81.58648199242596,100,25,400,300,25,500,1258,180,100,1386,220
903,10,0,81.58648199242596,100,25,400,300,32,500,1258,180,100,1391,220
904,10,0,81.58648199242596,100,25,400,300,29,500,1264,181,100,1391,219
905,10,0,81.58648199242596,100,25,400,300,21,500,1273,182,100,1399,218
906,10,0,81.58648199242596,100,25,400,300,24,500,1273,182,100,1403,218
907,10,0,81.58648199242596,100,25,400,300,25,500,1273,183,100,1406,217
908,10,0,81.58648199242596,100,25,400,300,27,500,1273,183,100,1415,217
909,10,0,81.58648199242596,100,25,400,300,29,500,1273,184,100,1420,216
910,10,0,81.58648199242596,100,25,400,300,31,500,1274,184,100,1425,216
911,10,0,81.58648199242596,100,25,400,300,34,500,1274,184,100,1433,216
912,10,0,81.58648199242596,100,25,400,300,36,500,1275,184,100,1442,216
913,10,0,81.58648199242596,100,25,400,300,34,500,1279,185,100,1447,215
914,10,0,81.58648199242596,100,25,400,300,35,500,1279,186,100,1450,214
915,10,0,81.58648199242596,100,25,400,300,37,500,1280,186,100,1456,214
916,10,0,81.58648199242596,100,25,400,300,34,500,1289,186,100,1461,214
917,10,0,81.58648199242596,100,25,400,300,27,500,1298,186,100,1463,214
918,10,0,81.58648199242596,100,25,400,300,27,500,1298,186,100,1468,214
919,10,0,81.58648199242596,100,25,400,300,29,500,1298,186,100,1473,214
920,10,0,81.58648199242596,100,25,400,300,29,500,1299,187,100,1478,213
921,10,0,81.58648199242596,100,25,400,300,24,500,1307,187,100,1487,213
922,10,0,81.58648199242596,100,25,400,300,27,500,1307,190,100,1494,210
923,10,0,81.58648199242596,100,25,400,300,28,500,1307,190,100,1496,210
924,10,0,81.58648199242596,100,25,400,300,28,500,1307,191,100,1502,209
925,10,0,81.58648199242596,100,25,400,300,27,500,1310,191,100,1505,209
926,10,0,81.58648199242596,100,25,400,300,29,500,1310,192,100,1507,208
927,10,0,81.58648199242596,100,25,400,300,26,500,1316,194,100,1510,206
928,10,0,81.58648199242596,100,25,400,300,28,500,1316,195,100,1511,205
929,10,0,81.58648199242596,100,25,400,300,21,500,1325,195,100,1516,205
930,10,0,81.58648199242596,100,25,400,300,22,500,1325,195,100,1517,205
931,10,0,81.58648199242596,100,25,400,300,24,500,1325,196,100,1521,204
932,10,0,81.58648199242596,100,25,400,300,27,500,1325,196,100,1527,204
933,10,0,81.58648199242596,100,25,400,300,27,500,1330,197,100,1535,203
934,10,0,81.58648199242596,100,25,400,300,23,500,1337,198,100,1539,202
935,10,0,81.58648199242596,100,25,400,300,26,500,1337,198,100,1547,202
936,10,0,81.58648199242596,100,25,400,300,27,500,1340,198,100,1552,202
937,10,0,81.58648199242596,100,25,400,300,27,500,1340,199,100,1554,201
938,10,0,81.58648199242596,100,25,400,300,28,500,1340,200,100,1561,200
939,10,0,81.58648199242596,100,25,400,300,28,500,1340,201,100,1566,199
940,10,0,81.58648199242596,100,25,400,300,29,500,1340,201,100,1576,199
941,10,0,81.58648199242596,100,25,400,300,30,500,1341,202,100,1580,198
942,10,0,81.58648199242596,100,25,400,300,24,500,1349,202,100,1584,198
943,10,0,81.58648199242596,100,25,400,300,26,500,1349,203,100,1586,197
944,10,0,81.58648199242596,100,25,400,300,28,500,1349,203,100,1588,197
945,10,0,81.58648199242596,100,25,400,300,20,500,1359,204,100,1587,196
946,10,0,81.58648199242596,100,25,400,300,23,500,1359,204,100,1590,196
947,10,0,81.58648199242596,100,25,400,300,25,500,1359,204,100,1590,196
948,10,0,81.58648199242596,100,25,400,300,27,500,1359,204,100,1594,196
949,10,0,81.58648199242596,100,25,400,300,28,500,1359,204,100,1600,196
950,10,0,81.58648199242596,100,25,400,300,30,500,1359,204,100,1607,196
951,10,0,81.58648199242596,100,25,400,300,29,500,1362,204,100,1614,196
952,10,0,81.58648199242596,100,25,400,300,24,500,1369,204,100,1617,196
953,10,0,81.58648199242596,100,25,400,300,28,500,1369,204,100,1628,196
954,10,0,81.58648199242596,100,25,400,300,29,500,1369,204,100,1638,196
955,10,0,81.58648199242596,100,25,400,300,26,500,1377,204,100,1644,196
956,10,0,81.58648199242596,100,25,400,300,26,500,1383,204,100,1649,196
957,10,0,81.58648199242596,100,25,400,300,23,500,1390,204,100,1655,196
958,10,0,81.58648199242596,100,25,400,300,25,500,1390,205,100,1660,195
959,10,0,81.58648199242596,100,25,400,300,29,500,1390,206,100,1668,194
960,10,0,81.58648199242596,100,25,400,300,25,500,1397,207,100,1678,193
961,10,0,81.58648199242596,100,25,400,300,29,500,1397,207,100,1682,193
962,10,0,81.58648199242596,100,25,400,300,34,500,1398,208,100,1685,192
963,10,0,81.58648199242596,100,25,400,300,28,500,1407,208,100,1687,192
964,10,0,81.58648199242596,100,25,400,300,24,500,1414,209,100,1691,191
965,10,0,81.58648199242596,100,25,400,300,20,500,1424,209,100,1704,191
966,10,0,81.58648199242596,100,25,400,300,23,500,1424,209,100,1711,191
967,10,0,81.58648199242596,100,25,400,300,26,500,1424,209,100,1715,191
968,10,0,81.58648199242596,100,25,400,300,24,500,1431,210,100,1719,190
969,10,0,81.58648199242596,100,25,400,300,26,500,1431,210,100,1722,190
970,10,0,81.58648199242596,100,25,400,300,27,500,1431,211,100,1724,189
971,10,0,81.58648199242596,100,25,400,300,31,500,1431,211,100,1728,189
972,10,0,81.58648199242596,100,25,400,300,30,500,1434,213,100,1727,187
973,10,0,81.58648199242596,100,25,400,300,27,500,1437,213,100,1732,187
974,10,0,81.58648199242596,100,25,400,300,29,500,1437,213,100,1736,187
975,10,0,81.58648199242596,100,25,400,300,24,500,1444,213,100,1741,187
976,10,0,81.58648199242596,100,25,400,300,28,500,1444,213,100,1746,187
977,10,0,81.58648199242596,100,25,400,300,29,500,1444,213,100,1751,187
978,10,0,81.58648199242596,100,25,400,300,22,500,1453,213,100,1757,187
979,10,0,81.58648199242596,100,25,400,300,23,500,1453,215,100,1768,185
980,10,0,81.58648199242596,100,25,400,300,23,500,1453,216,100,1772,184
981,10,0,81.58648199242596,100,25,400,300,23,500,1453,216,100,1779,184
982,10,0,81.58648199242596,100,25,400,300,28,500,1453,217,100,1790,183
983,10,0,81.58648199242596,100,25,400,300,30,500,1455,217,100,1799,183
984,10,0,81.58648199242596,100,25,400,300,31,500,1456,217,100,1804,183
985,10,0,81.58648199242596,100,25,400,300,27,500,1464,218,100,1812,182
986,10,0,81.58648199242596,100,25,400,300,27,500,1468,218,100,1817,182
987,10,0,81.58648199242596,100,25,400,300,21,500,1477,218,100,1822,182
988,10,0,81.58648199242596,100,25,400,300,22,500,1477,219,100,1828,181
989,10,0,81.58648199242596,100,25,400,300,25,500,1477,219,100,1832,181
990,10,0,81.58648199242596,100,25,400,300,29,500,1477,220,100,1838,180
991,10,0,81.58648199242596,100,25,400,300,29,500,1477,221,100,1843,179
992,10,0,81.58648199242596,100,25,400,300,27,500,1481,221,100,1851,179
993,10,0,81.58648199242596,100,25,400,300,29,500,1483,221,100,1851,179
994,10,0,81.58648199242596,100,25,400,300,25,500,1488,222,100,1856,178
995,10,0,81.58648199242596,100,25,400,300,27,500,1488,223,100,1857,177
996,10,0,81.58648199242596,100,25,400,300,29,500,1488,223,100,1862,177
997,10,0,81.58648199242596,100,25,400,300,23,500,1497,224,100,1866,176
998,10,0,81.58648199242596,100,25,400,300,24,500,1497,224,100,1871,176
999,10,0,81.58648199242596,100,25,400,300,29,500,1497,224,100,1878,176
1000,10,0,81.58648199242596,100,25,400,300,22,500,1506,225,100,1883,175
