tick,scfa,lps_microbiota,permeability,cellEpit,lps_lumen,tnfAlfa,alfasin,nadh,alfasinucleina,ros,electron,oxygen
1,500,300,40.0,100,0,0,0,500,0,0,0,700
2,500,300,40.0,100,0,0,0,500,0,0,0,700
3,500,300,40.0,100,0,0,0,500,0,0,0,700
4,500,300,40.0,100,0,0,0,500,0,0,0,700
5,500,300,40.0,100,0,0,0,500,0,0,0,700
6,500,300,40.0,100,0,0,0,500,0,0,0,700
7,500,300,40.0,100,0,0,0,500,0,0,0,700
8,500,300,40.0,100,0,0,0,500,0,0,0,700
9,500,300,40.0,100,0,0,0,500,0,0,0,700
10,500,300,40.0,100,0,0,0,500,0,0,0,700
11,496,300,40.0,100,0,0,0,500,0,0,0,700
12,492,300,40.0,100,0,0,0,500,0,0,0,700
13,488,300,40.0,100,0,0,0,500,0,0,0,700
14,484,300,40.0,100,0,0,0,500,0,0,0,700
15,480,300,40.0,100,0,0,0,500,0,0,0,700
16,476,300,40.0,100,0,0,0,500,0,0,0,700
17,472,300,40.0,100,0,0,0,500,0,0,0,700
18,468,300,40.0,100,0,0,0,500,0,0,0,700
19,464,300,40.0,100,0,0,0,500,0,0,0,700
20,460,300,40.0,100,0,0,0,500,0,0,0,700
21,456,300,40.0,100,0,0,0,500,0,0,0,700
22,452,300,40.0,100,0,0,0,500,0,0,0,700
23,448,300,40.0,100,0,0,0,500,0,0,0,700
24,444,300,40.0,100,0,0,0,500,0,0,0,700
25,440,300,40.0,100,0,0,0,500,0,0,0,700
26,436,300,40.0,100,0,0,0,500,0,0,0,700
27,432,300,40.0,100,0,0,0,500,0,0,0,700
28,428,300,40.0,100,0,0,0,500,0,0,0,700
29,424,300,40.0,100,0,0,0,500,0,0,0,700
30,420,300,40.0,100,0,0,0,500,0,0,0,700
31,416,300,40.0,100,0,0,0,500,0,0,0,700
32,412,300,40.0,100,0,0,0,500,0,0,0,700
33,408,300,40.0,100,0,0,0,500,0,0,0,700
34,404,300,40.0,100,0,0,0,500,0,0,0,700
35,400,300,40.0,100,0,0,0,500,0,0,0,700
36,396,300,40.8,100,0,0,0,500,0,0,0,700
37,392,300,41.616,100,0,0,0,500,0,0,0,700
38,388,300,42.44832,100,0,0,0,500,0,0,0,700
39,384,300,43.2972864,100,0,0,0,500,0,0,0,700
40,380,300,44.163232128,100,0,0,0,500,0,0,0,700
41,376,300,45.046496770560005,100,0,0,0,500,0,0,0,700
42,372,300,45.9474267059712,100,0,0,0,500,0,0,0,700
43,368,300,46.86637524009063,100,0,0,0,500,0,0,0,700
44,364,300,47.80370274489244,100,0,0,0,500,0,0,0,700
45,360,300,48.75977679979029,100,0,0,0,500,0,0,0,700
46,356,300,49.7349723357861,100,0,0,0,500,0,0,0,700
47,352,300,50.72967178250182,100,0,0,0,500,0,0,0,700
48,348,300,51.74426521815185,100,0,0,0,500,0,0,0,700
49,344,300,52.77915052251489,100,0,0,0,500,0,0,0,700
50,340,300,53.83473353296519,100,0,0,0,500,0,0,0,700
51,336,300,54.91142820362449,100,0,0,0,500,0,0,0,700
52,332,300,56.00965676769698,100,0,0,0,500,0,0,0,700
53,328,300,57.12984990305092,100,0,0,0,500,0,0,0,700
54,324,300,58.272446901111934,100,0,0,0,500,0,0,0,700
55,320,300,59.43789583913417,100,0,0,0,500,0,0,0,700
56,316,300,60.626653755916855,100,0,0,0,500,0,0,0,700
57,312,300,61.83918683103519,100,0,0,0,500,0,0,0,700
58,308,300,63.07597056765589,100,0,0,0,500,0,0,0,700
59,304,300,64.337489979009,100,0,0,0,500,0,0,0,700
60,300,300,65.62423977858919,100,0,0,0,500,0,0,0,700
61,296,300,66.93672457416096,100,0,0,0,500,0,0,0,700
62,292,300,68.27545906564418,100,0,0,0,500,0,0,0,700
63,288,300,69.64096824695707,100,0,0,0,500,0,0,0,700
64,284,300,71.03378761189622,100,0,0,0,500,0,0,0,700
65,280,300,72.45446336413414,100,0,0,0,500,0,0,0,700
66,276,300,73.90355263141683,100,0,0,0,500,0,0,0,700
67,272,300,75.38162368404517,100,0,0,0,500,0,0,0,700
68,268,300,76.88925615772607,100,0,0,0,500,0,0,0,700
69,264,300,78.42704128088059,100,0,0,0,500,0,0,0,700
70,260,300,79.9955821064982,100,0,0,0,500,0,0,0,700
71,256,300,81.59549374862817,100,0,0,0,500,0,0,0,700
72,252,300,83.22740362360074,100,0,0,0,500,0,0,0,700
73,248,300,84.89195169607275,100,0,0,0,500,0,0,0,700
74,244,300,86.5897907299942,100,0,0,0,500,0,0,0,700
75,240,300,88.32158654459408,100,0,0,0,500,0,0,0,700
76,236,300,90.08801827548596,100,0,0,0,500,0,0,0,700
77,232,300,91.88977864099569,100,0,0,0,500,0,0,0,700
78,228,300,93.7275742138156,100,0,0,0,500,0,0,0,700
79,224,300,95.60212569809192,100,0,0,0,500,0,0,0,700
80,220,300,97.51416821205376,100,0,0,0,500,0,0,0,700
81,216,300,99.46445157629482,100,0,0,0,500,0,0,0,700
82,212,300,101.45374060782072,100,0,0,0,500,0,0,0,700
83,208,300,103.48281541997711,100,0,0,0,500,0,0,0,700
84,204,300,105.55247172837667,100,0,0,0,500,0,0,0,700
85,200,300,107.6635211629442,100,0,0,0,500,0,0,0,700
86,196,300,109.8167915862031,100,0,0,0,500,0,0,0,700
87,192,300,112.01312741792717,100,0,0,0,500,0,0,0,700
88,188,300,114.2533899662857,100,0,0,0,500,0,0,0,700
89,184,300,116.5384577656114,100,0,0,0,500,0,0,0,700
90,180,300,118.86922692092364,100,0,0,0,500,0,0,0,700
91,176,300,121.2466114593421,100,0,0,0,500,0,0,0,700
92,172,300,123.67154368852894,100,0,0,0,500,0,0,0,700
93,168,300,126.14497456229952,100,0,0,0,500,0,0,0,700
94,164,300,128.66787405354552,100,0,0,0,500,0,0,0,700
95,160,300,131.24123153461642,100,0,0,0,500,0,0,0,700
96,156,300,133.86605616530875,100,0,0,0,500,0,0,0,700
97,152,300,136.54337728861492,100,0,0,0,500,0,0,0,700
98,148,300,139.27424483438722,100,0,0,0,500,0,0,0,700
99,144,300,142.05972973107495,100,0,0,0,500,0,0,0,700
100,140,300,144.90092432569645,100,0,0,0,500,0,0,0,700
101,136,300,147.79894281221038,100,0,0,0,500,0,0,0,700
102,132,300,150.7549216684546,100,0,0,0,500,0,0,0,700
103,128,300,153.7700201018237,100,0,0,0,500,0,0,0,700
104,124,300,156.84542050386017,100,0,0,0,500,0,0,0,700
105,120,300,159.98232891393738,100,0,0,0,500,0,0,0,700
106,116,300,163.18197549221614,100,0,0,0,500,0,0,0,700
107,112,297,166.44561500206046,100,3,0,0,500,0,0,0,700
108,108,294,169.77452730210166,100,6,0,0,500,0,0,0,700
109,104,291,173.1700178481437,100,9,0,0,500,0,0,0,700
110,100,288,176.63341820510655,100,12,0,0,500,0,0,0,700
111,96,285,180.1660865692087,100,15,0,0,500,0,0,0,700
112,92,282,183.7694083005929,100,18,0,0,500,0,0,0,700
113,88,279,187.4447964666047,100,21,0,0,500,0,0,0,700
114,84,276,191.1936923959368,100,24,0,0,500,0,0,0,700
115,80,273,195.01756624385555,100,27,0,0,500,0,0,0,700
116,76,270,198.91791756873263,100,30,0,0,500,0,0,0,700
117,72,267,202.8962759201073,100,33,0,0,500,0,0,0,700
118,68,262,206.95420143850947,100,38,0,0,500,0,0,0,700
119,64,257,211.09328546727969,100,43,0,0,500,0,0,0,700
120,60,252,215.31515117662525,100,48,0,0,500,0,0,0,700
121,56,247,219.62145420015776,100,53,0,0,500,0,0,0,700
122,52,242,224.01388328416093,100,58,0,0,500,0,0,0,700
123,48,237,228.49416094984412,100,63,0,0,500,0,0,0,700
124,44,232,233.06404416884104,100,68,0,0,500,0,0,0,700
125,41,227,237.72532505221787,100,73,0,0,500,0,0,0,700
126,40,222,242.47983155326224,100,78,0,0,500,0,0,0,700
127,40,217,247.32942818432747,100,83,0,0,500,0,0,0,700
128,40,212,252.27601674801403,100,88,0,0,500,0,0,0,700
129,40,207,257.3215370829743,100,93,0,0,500,0,0,0,700
130,40,202,262.4679678246338,100,98,0,0,500,0,0,0,700
131,40,194,267.71732718112645,100,106,0,0,500,0,0,0,700
132,40,186,273.07167372474896,100,114,0,0,500,0,0,0,700
133,40,178,278.53310719924394,100,122,0,0,500,0,0,0,700
134,40,170,284.1037693432288,100,130,0,0,500,0,0,0,700
135,40,162,289.7858447300934,100,138,0,0,500,0,0,0,700
136,40,154,295.58156162469527,100,146,0,0,500,0,0,0,700
137,40,146,301.4931928571892,100,154,0,0,500,0,0,0,700
138,40,138,307.52305671433294,100,162,0,0,500,0,0,0,700
139,40,130,313.6735178486196,100,170,0,0,500,0,0,0,700
140,40,122,319.946988205592,100,178,0,0,500,0,0,0,700
141,40,114,326.34592796970384,100,186,53,0,500,0,0,0,700
142,40,106,326.34592796970384,100,194,99,0,500,0,0,0,700
143,40,98,326.34592796970384,100,202,165,0,500,0,0,0,700
144,40,90,326.34592796970384,100,210,223,0,500,0,0,0,700
145,40,82,326.34592796970384,100,218,282,0,500,1,0,0,700
146,40,74,326.34592796970384,100,226,300,0,500,2,0,0,700
147,40,66,326.34592796970384,100,234,298,0,500,2,0,0,700
148,40,58,326.34592796970384,100,242,300,0,500,4,0,0,700
149,40,50,326.34592796970384,100,250,300,0,500,5,0,0,700
150,40,42,326.34592796970384,100,258,299,0,500,7,0,0,700
151,40,34,326.34592796970384,100,266,299,1,500,8,0,0,700
152,40,26,326.34592796970384,100,274,300,1,500,9,0,0,700
153,40,18,326.34592796970384,100,282,301,1,500,9,0,0,700
154,40,10,326.34592796970384,100,290,301,1,500,10,0,0,700
155,40,2,326.34592796970384,100,298,301,1,500,10,0,0,700
156,40,0,326.34592796970384,100,300,301,1,500,10,0,0,700
157,40,0,326.34592796970384,100,300,301,1,500,10,0,0,700
158,40,0,326.34592796970384,100,300,301,1,500,10,0,0,700
159,40,0,326.34592796970384,100,300,301,1,500,10,0,0,700
160,40,0,326.34592796970384,100,300,300,1,500,10,0,0,700
161,40,0,326.34592796970384,100,300,300,1,500,11,0,0,700
162,40,0,326.34592796970384,100,300,300,1,500,13,0,0,700
163,40,0,326.34592796970384,100,300,299,2,500,13,0,0,700
164,40,0,326.34592796970384,100,300,300,3,500,14,0,0,700
165,40,0,326.34592796970384,100,300,301,1,500,18,0,0,700
166,40,0,326.34592796970384,100,300,301,1,500,21,0,0,700
167,40,0,326.34592796970384,100,300,299,1,500,22,0,0,700
168,40,0,326.34592796970384,100,300,301,1,500,25,0,0,700
169,40,0,326.34592796970384,100,300,300,1,500,27,0,0,700
170,40,0,326.34592796970384,100,300,300,1,500,28,0,0,700
171,40,0,326.34592796970384,100,300,300,3,500,28,0,0,700
172,40,0,326.34592796970384,100,300,300,3,500,30,0,0,700
173,40,0,326.34592796970384,100,300,301,4,500,31,0,0,700
174,40,0,326.34592796970384,100,300,300,2,500,35,0,0,700
175,40,0,326.34592796970384,100,300,300,2,500,38,0,0,700
176,40,0,326.34592796970384,100,300,300,2,500,40,0,0,700
177,40,0,326.34592796970384,100,300,300,2,500,41,0,0,700
178,40,0,326.34592796970384,100,300,300,1,500,42,0,0,700
179,40,0,326.34592796970384,100,300,300,1,500,44,0,0,700
180,40,0,326.34592796970384,100,300,300,1,500,46,0,0,700
181,40,0,326.34592796970384,100,300,300,1,500,48,0,0,700
182,40,0,326.34592796970384,100,300,300,1,500,49,0,0,700
183,40,0,326.34592796970384,100,300,300,1,500,51,0,0,700
184,40,0,326.34592796970384,100,300,300,1,500,54,0,1,700
185,40,0,326.34592796970384,100,300,299,2,500,54,0,2,700
186,40,0,326.34592796970384,100,300,300,2,500,57,1,2,699
187,40,0,326.34592796970384,100,300,300,2,500,57,1,2,699
188,40,0,326.34592796970384,100,300,301,3,500,59,2,1,698
189,40,0,326.34592796970384,100,300,301,4,500,61,2,1,698
190,40,0,326.34592796970384,100,300,302,6,500,62,2,1,698
191,40,0,326.34592796970384,100,300,301,6,500,65,2,1,698
192,40,0,326.34592796970384,100,300,299,4,500,70,2,1,698
193,40,0,326.34592796970384,100,300,302,5,500,72,2,1,698
194,40,0,326.34592796970384,100,300,301,8,500,72,2,1,698
195,40,0,326.34592796970384,100,300,302,11,500,72,2,1,698
196,40,0,326.34592796970384,100,300,301,12,500,74,2,1,698
197,40,0,326.34592796970384,100,300,301,10,500,79,2,1,698
198,40,0,326.34592796970384,100,300,302,11,500,81,2,1,698
199,40,0,326.34592796970384,100,300,302,14,500,81,2,1,698
200,40,0,326.34592796970384,100,300,301,15,500,83,2,1,698
201,40,0,326.34592796970384,100,300,300,16,500,85,2,2,698
202,40,0,326.34592796970384,100,300,300,13,500,89,2,3,698
203,40,0,326.34592796970384,100,300,299,14,500,90,3,3,697
204,40,0,326.34592796970384,100,300,300,12,500,95,3,4,697
205,40,0,326.34592796970384,100,300,302,13,500,96,3,5,697
206,40,0,326.34592796970384,100,300,301,14,500,98,3,5,697
207,40,0,326.34592796970384,100,300,301,15,500,99,3,7,697
208,40,0,326.34592796970384,100,300,300,11,500,104,3,8,697
209,40,0,326.34592796970384,100,300,301,11,500,108,3,8,697
210,40,0,326.34592796970384,100,300,302,13,500,108,3,8,697
211,40,0,326.34592796970384,100,300,302,10,500,113,3,8,697
212,40,0,326.34592796970384,100,300,302,12,500,114,4,8,696
213,40,0,326.34592796970384,100,300,301,12,500,117,4,8,696
214,40,0,326.34592796970384,100,300,301,12,500,119,4,8,696
215,40,0,326.34592796970384,100,300,301,10,500,125,4,8,696
216,40,0,326.34592796970384,100,300,302,10,500,127,4,9,696
217,40,0,326.34592796970384,100,300,302,12,500,129,4,9,696
218,40,0,326.34592796970384,100,300,303,14,500,130,4,11,696
219,40,0,326.34592796970384,100,300,302,13,500,134,4,11,696
220,40,0,326.34592796970384,100,300,302,14,500,135,4,11,696
221,40,0,326.34592796970384,100,300,303,15,500,137,4,12,696
222,40,0,326.34592796970384,100,300,303,17,500,138,4,14,696
223,40,0,326.34592796970384,100,300,302,15,500,142,4,14,696
224,40,0,326.34592796970384,100,300,301,15,500,144,4,14,696
225,40,0,326.34592796970384,100,300,303,12,500,150,4,14,696
226,40,0,326.34592796970384,100,300,303,15,500,149,4,14,696
227,40,0,326.34592796970384,100,300,303,14,500,152,4,15,696
228,40,0,326.34592796970384,100,300,302,16,500,153,4,17,696
229,40,0,326.34592796970384,100,300,302,18,500,154,4,17,696
230,40,0,326.34592796970384,100,300,303,17,500,158,4,17,696
231,40,0,326.34592796970384,100,300,301,14,500,163,4,17,696
232,40,0,326.34592796970384,100,300,302,15,500,165,5,18,695
233,40,0,326.34592796970384,100,300,302,13,500,169,5,18,695
234,40,0,326.34592796970384,100,300,303,13,500,172,5,18,695
235,40,0,326.34592796970384,100,300,303,12,500,176,6,19,694
236,40,0,326.34592796970384,100,300,302,13,500,178,6,20,694
237,40,0,326.34592796970384,100,300,301,13,500,181,6,20,694
238,40,0,326.34592796970384,100,300,303,12,500,184,6,22,694
239,40,0,326.34592796970384,100,300,303,15,500,184,6,23,694
240,40,0,326.34592796970384,100,300,303,13,500,189,6,23,694
241,40,0,326.34592796970384,100,300,302,15,500,190,6,23,694
242,40,0,326.34592796970384,100,300,302,14,500,194,6,27,694
243,40,0,326.34592796970384,100,300,303,16,500,194,6,29,694
244,40,0,326.34592796970384,100,300,302,17,500,196,6,32,694
245,40,0,326.34592796970384,100,300,302,15,500,201,6,32,694
246,40,0,326.34592796970384,100,300,303,18,500,201,6,32,694
247,40,0,326.34592796970384,100,300,301,21,500,201,6,33,694
248,40,0,326.34592796970384,100,300,301,22,500,203,6,35,694
249,40,0,326.34592796970384,100,300,302,20,500,207,6,36,694
250,40,0,326.34592796970384,100,300,302,17,500,212,6,37,694
251,40,0,326.34592796970384,100,300,302,17,500,215,6,38,694
252,40,0,326.34592796970384,100,300,301,20,500,215,7,39,693
253,40,0,326.34592796970384,100,300,301,20,500,218,7,39,693
254,40,0,326.34592796970384,100,300,302,20,500,221,8,39,692
255,40,0,326.34592796970384,100,300,299,19,500,224,9,39,691
256,40,0,326.34592796970384,100,300,303,18,500,228,9,40,691
257,40,0,326.34592796970384,100,300,300,17,500,232,9,40,691
258,40,0,326.34592796970384,100,300,301,18,500,234,9,41,691
259,40,0,326.34592796970384,100,300,301,16,500,239,10,41,690
260,40,0,326.34592796970384,100,300,302,17,500,239,10,42,690
261,40,0,326.34592796970384,100,300,303,18,500,241,11,44,689
262,40,0,326.34592796970384,100,300,302,16,500,246,11,44,689
263,40,0,326.34592796970384,100,300,305,18,500,247,12,44,688
264,40,0,326.34592796970384,100,300,303,19,500,249,13,43,687
265,40,0,326.34592796970384,100,300,303,20,500,251,13,43,687
266,40,0,326.34592796970384,100,300,303,21,500,252,13,46,687
267,40,0,326.34592796970384,100,300,302,24,500,252,14,48,686
268,40,0,326.34592796970384,100,300,302,23,500,256,15,50,685
269,40,0,326.34592796970384,100,300,302,21,500,261,15,50,685
270,40,0,326.34592796970384,100,300,301,20,500,263,15,50,685
271,40,0,326.34592796970384,100,300,300,21,500,265,15,52,685
272,40,0,326.34592796970384,100,300,301,21,500,268,15,55,685
273,40,0,326.34592796970384,100,300,301,21,500,271,15,55,685
274,40,0,326.34592796970384,100,300,300,18,500,275,15,56,685
275,40,0,326.34592796970384,100,300,302,18,500,278,16,59,684
276,40,0,326.34592796970384,100,300,302,19,500,280,16,60,684
277,40,0,326.34592796970384,100,300,301,17,500,285,17,61,683
278,40,0,326.34592796970384,100,300,301,15,500,290,17,59,683
279,40,0,326.34592796970384,100,300,300,15,500,292,17,60,683
280,40,0,326.34592796970384,100,300,301,17,500,293,17,63,683
281,40,0,326.34592796970384,100,300,301,16,500,296,17,64,683
282,40,0,326.34592796970384,100,300,302,18,500,297,17,65,683
283,40,0,326.34592796970384,100,300,302,19,500,299,19,65,681
284,40,0,326.34592796970384,100,300,301,22,500,299,19,66,681
285,40,0,326.34592796970384,100,300,300,21,500,303,19,66,681
286,40,0,326.34592796970384,100,300,300,19,500,308,19,68,681
287,40,0,326.34592796970384,100,300,300,19,500,311,19,70,681
288,40,0,326.34592796970384,100,300,302,20,500,312,19,70,681
289,40,0,326.34592796970384,100,300,300,23,500,312,20,71,680
290,40,0,326.34592796970384,100,300,302,26,500,312,20,73,680
291,40,0,326.34592796970384,100,300,300,27,500,313,20,75,680
292,40,0,326.34592796970384,100,300,300,28,500,314,20,76,680
293,40,0,326.34592796970384,100,300,299,27,500,318,21,75,679
294,40,0,326.34592796970384,100,300,302,24,500,323,21,76,679
295,40,0,326.34592796970384,100,300,301,23,500,327,21,77,679
296,40,0,326.34592796970384,100,300,300,22,500,331,21,78,679
297,39,0,326.34592796970384,100,300,301,23,500,333,22,78,678
298,39,0,326.34592796970384,100,300,302,22,500,337,22,79,678
299,39,0,326.34592796970384,100,300,301,21,500,341,22,84,678
300,39,0,326.34592796970384,100,300,300,23,500,342,23,86,677
301,39,0,326.34592796970384,100,300,299,21,500,347,25,87,675
302,39,0,326.34592796970384,100,300,301,19,500,352,25,88,675
303,39,0,326.34592796970384,100,300,301,18,500,356,26,88,674
304,39,0,326.34592796970384,100,300,300,21,500,356,28,91,672
305,39,0,326.34592796970384,100,300,300,22,500,358,28,92,672
306,39,0,326.34592796970384,100,300,301,21,500,361,30,95,670
307,39,0,326.34592796970384,100,300,301,23,500,362,31,96,669
308,39,0,326.34592796970384,100,300,301,23,500,365,33,96,667
309,39,0,326.34592796970384,100,300,302,24,500,367,33,96,667
310,39,0,326.34592796970384,100,300,302,24,500,370,34,96,666
311,39,0,326.34592796970384,100,300,302,22,500,375,34,97,666
312,39,0,326.34592796970384,100,300,301,20,500,380,34,99,666
313,39,0,326.34592796970384,100,300,301,20,500,383,34,100,666
314,39,0,326.34592796970384,100,300,302,22,500,384,35,100,665
315,39,0,326.34592796970384,100,300,302,19,500,389,35,101,665
316,39,0,326.34592796970384,100,300,301,20,500,391,35,102,665
317,39,0,326.34592796970384,100,300,301,22,500,391,35,101,665
318,39,0,326.34592796970384,100,300,302,23,500,393,37,103,663
319,39,0,326.34592796970384,100,300,301,22,500,397,37,104,663
320,39,0,326.34592796970384,100,300,301,24,500,398,38,105,662
321,39,0,326.34592796970384,100,300,302,24,500,400,38,107,662
322,39,0,326.34592796970384,100,300,302,27,500,400,38,110,662
323,39,0,326.34592796970384,100,300,300,29,500,400,40,111,660
324,39,0,326.34592796970384,100,300,300,28,500,403,41,113,659
325,39,0,326.34592796970384,100,300,300,30,500,404,41,116,659
326,39,0,326.34592796970384,100,300,299,32,500,405,42,116,658
327,39,0,326.34592796970384,100,300,298,33,500,407,43,120,657
328,39,0,326.34592796970384,100,300,300,31,500,412,46,119,654
329,39,0,326.34592796970384,100,300,300,31,500,415,48,122,652
330,39,0,326.34592796970384,100,300,301,33,500,416,48,124,652
331,39,0,326.34592796970384,100,300,302,34,500,418,49,125,651
332,39,0,326.34592796970384,100,300,302,36,500,419,50,125,650
333,39,0,326.34592796970384,100,300,301,36,500,421,50,125,650
334,39,0,326.34592796970384,100,300,301,38,500,421,50,127,650
335,39,0,326.34592796970384,100,300,301,36,500,426,50,129,650
336,39,0,326.34592796970384,100,300,302,38,500,427,52,129,648
337,39,0,326.34592796970384,100,300,302,36,500,431,52,129,648
338,39,0,326.34592796970384,100,300,303,38,500,432,52,130,648
339,39,0,326.34592796970384,100,300,303,41,500,432,52,133,648
340,39,0,326.34592796970384,100,300,303,38,500,437,54,134,646
341,39,0,326.34592796970384,100,300,303,38,500,440,55,134,645
342,39,0,326.34592796970384,100,300,303,40,500,441,55,136,645
343,39,0,326.34592796970384,100,300,303,40,500,443,55,138,645
344,39,0,326.34592796970384,100,300,302,38,500,447,56,139,644
345,39,0,326.34592796970384,100,300,303,41,500,447,57,141,643
346,39,0,326.34592796970384,100,300,303,43,500,448,57,143,643
347,39,0,326.34592796970384,100,300,303,44,500,450,57,144,643
348,39,0,326.34592796970384,100,300,303,46,500,451,59,145,641
349,39,0,326.34592796970384,100,300,303,49,500,451,59,147,641
350,39,0,326.34592796970384,100,300,303,47,500,455,59,147,641
351,39,0,326.34592796970384,100,300,301,49,500,456,59,147,641
352,39,0,326.34592796970384,100,300,302,48,500,460,60,149,640
353,39,0,326.34592796970384,100,300,302,47,500,464,61,150,639
354,39,0,326.34592796970384,100,300,302,50,500,464,64,154,636
355,39,0,326.34592796970384,100,300,301,51,500,465,64,154,636
356,39,0,326.34592796970384,100,300,301,54,500,465,64,156,636
357,39,0,326.34592796970384,100,300,300,56,500,465,64,158,636
358,39,0,326.34592796970384,100,300,301,55,500,469,64,160,636
359,39,0,326.34592796970384,100,300,301,57,500,469,64,161,636
360,39,0,326.34592796970384,100,300,300,59,500,470,65,163,635
361,39,0,326.34592796970384,100,300,300,56,500,475,67,167,633
362,39,0,326.34592796970384,100,300,301,59,500,475,67,169,633
363,39,0,326.34592796970384,100,300,301,61,500,476,67,171,633
364,39,0,326.34592796970384,100,300,300,62,500,477,67,172,633
365,39,0,326.34592796970384,100,300,299,61,500,481,67,177,633
366,39,0,326.34592796970384,100,300,300,60,500,484,68,178,632
367,39,0,326.34592796970384,100,300,300,62,500,485,69,179,631
368,39,0,326.34592796970384,100,300,300,58,500,490,71,179,629
369,39,0,326.34592796970384,100,300,300,56,500,494,72,180,628
370,39,0,326.34592796970384,100,300,299,55,500,498,74,183,626
371,39,0,326.34592796970384,100,300,301,55,500,501,75,184,625
372,39,0,326.34592796970384,100,300,301,52,500,506,76,187,624
373,39,0,326.34592796970384,100,300,300,53,500,508,76,189,624
374,39,0,326.34592796970384,100,300,300,53,500,511,76,189,624
375,39,0,326.34592796970384,100,300,300,53,500,513,76,190,624
376,39,0,326.34592796970384,100,300,301,56,500,513,76,190,624
377,39,0,326.34592796970384,100,300,301,58,500,514,77,191,623
378,39,0,326.34592796970384,100,300,301,56,500,519,77,191,623
379,39,0,326.34592796970384,100,300,301,53,500,524,78,191,622
380,39,0,326.34592796970384,100,300,302,52,500,528,78,193,622
381,39,0,326.34592796970384,100,300,301,52,500,530,79,193,621
382,39,0,326.34592796970384,100,300,301,51,500,534,79,194,621
383,39,0,326.34592796970384,100,300,300,53,500,535,79,198,621
384,39,0,326.34592796970384,100,300,303,53,500,538,79,199,621
385,39,0,326.34592796970384,100,300,302,55,500,538,80,202,620
386,39,0,326.34592796970384,100,300,301,56,500,539,81,202,619
387,39,0,326.34592796970384,100,300,302,59,500,539,82,203,618
388,39,0,326.34592796970384,100,300,301,62,500,539,82,204,618
389,39,0,326.34592796970384,100,300,301,61,500,543,83,205,617
390,39,0,326.34592796970384,100,300,300,59,500,547,83,206,617
391,39,0,326.34592796970384,100,300,301,59,500,550,83,210,617
392,39,0,326.34592796970384,100,300,302,61,500,550,83,211,617
393,39,0,326.34592796970384,100,300,303,57,500,555,85,212,615
394,39,0,326.34592796970384,100,300,303,57,500,558,86,214,614
395,39,0,326.34592796970384,100,300,302,57,500,561,86,214,614
396,39,0,326.34592796970384,100,300,302,54,500,566,87,215,613
397,39,0,326.34592796970384,100,300,303,55,500,568,88,216,612
398,39,0,326.34592796970384,100,300,303,58,500,568,92,219,608
399,39,0,326.34592796970384,100,300,302,59,500,570,93,219,607
400,39,0,326.34592796970384,100,300,302,61,500,571,94,221,606
401,39,0,326.34592796970384,100,300,302,58,500,576,97,223,603
402,39,0,326.34592796970384,100,300,302,56,500,581,97,224,603
403,39,0,326.34592796970384,100,300,302,53,500,586,97,226,603
404,39,0,326.34592796970384,100,300,301,52,500,590,98,226,602
405,39,0,326.34592796970384,100,300,301,50,500,594,99,229,601
406,39,0,326.34592796970384,100,300,301,48,500,599,100,231,600
407,39,0,326.34592796970384,100,300,301,46,500,604,100,234,600
408,39,0,326.34592796970384,100,300,301,44,500,609,101,235,599
409,39,0,326.34592796970384,100,300,301,46,500,609,102,235,598
410,39,0,326.34592796970384,100,300,301,47,500,611,102,237,598
411,39,0,326.34592796970384,100,300,301,46,500,614,103,239,597
412,39,0,326.34592796970384,100,300,300,44,500,619,105,241,595
413,39,0,326.34592796970384,100,300,299,46,500,619,106,243,594
414,39,0,326.34592796970384,100,300,301,48,500,619,106,244,594
415,39,0,326.34592796970384,100,300,301,50,500,620,106,249,594
416,39,0,326.34592796970384,100,300,301,50,500,623,106,250,594
417,39,0,326.34592796970384,100,300,301,52,500,623,107,251,593
418,39,0,326.34592796970384,100,300,301,55,500,623,108,254,592
419,39,0,326.34592796970384,100,300,301,57,500,623,108,256,592
420,39,0,326.34592796970384,100,300,301,60,500,623,109,258,591
421,39,0,326.34592796970384,100,300,301,63,500,623,109,263,591
422,39,0,326.34592796970384,100,300,300,65,500,623,109,264,591
423,39,0,326.34592796970384,100,300,300,68,500,623,109,266,591
424,39,0,326.34592796970384,100,300,301,71,500,623,109,266,591
425,39,0,326.34592796970384,100,300,300,69,500,627,112,267,588
426,39,0,326.34592796970384,100,300,300,71,500,627,112,269,588
427,39,0,326.34592796970384,100,300,300,74,500,627,113,274,587
428,39,0,326.34592796970384,100,300,300,77,500,627,114,278,586
429,39,0,326.34592796970384,100,300,300,79,500,627,115,283,585
430,39,0,326.34592796970384,100,300,300,82,500,627,115,285,585
431,39,0,326.34592796970384,100,300,300,84,500,627,115,288,585
432,39,0,326.34592796970384,100,300,299,87,500,627,116,292,584
433,39,0,326.34592796970384,100,300,300,90,500,627,117,294,583
434,39,0,326.34592796970384,100,300,299,93,500,627,119,297,581
435,39,0,326.34592796970384,100,300,300,95,500,627,120,302,580
436,39,0,326.34592796970384,100,300,301,98,500,627,121,304,579
437,39,0,326.34592796970384,100,300,300,101,500,627,121,304,579
438,39,0,326.34592796970384,100,300,301,104,500,627,121,308,579
439,39,0,326.34592796970384,100,300,300,107,500,627,122,309,578
440,39,0,326.34592796970384,100,300,302,110,500,627,122,311,578
441,39,0,326.34592796970384,100,300,302,112,500,627,122,314,578
442,39,0,326.34592796970384,100,300,302,115,500,627,122,315,578
443,39,0,326.34592796970384,100,300,302,116,500,627,123,318,577
444,39,0,326.34592796970384,100,300,302,118,500,627,123,323,577
445,39,0,326.34592796970384,100,300,302,121,500,627,123,325,577
446,39,0,326.34592796970384,100,300,302,122,500,627,125,327,575
447,39,0,326.34592796970384,100,300,302,125,500,627,125,329,575
448,39,0,326.34592796970384,100,300,303,126,500,627,126,331,574
449,39,0,326.34592796970384,100,300,301,129,500,627,127,331,573
450,39,0,326.34592796970384,100,300,303,132,500,627,127,333,573
451,39,0,326.34592796970384,100,300,300,135,500,627,127,334,573
452,39,0,326.34592796970384,100,300,299,137,500,627,127,336,573
453,39,0,326.34592796970384,100,300,299,140,500,627,127,338,573
454,39,0,326.34592796970384,100,300,300,142,500,627,128,338,572
455,39,0,326.34592796970384,100,300,300,145,500,627,131,340,569
456,39,0,326.34592796970384,100,300,301,148,500,627,131,342,569
457,39,0,326.34592796970384,100,300,300,151,500,627,133,343,567
458,39,0,326.34592796970384,100,300,299,153,500,627,134,343,566
459,39,0,326.34592796970384,100,300,301,156,500,627,134,343,566
460,39,0,326.34592796970384,100,300,301,158,500,627,135,346,565
461,39,0,326.34592796970384,100,300,301,161,500,627,135,350,565
462,39,0,326.34592796970384,100,300,302,164,500,627,136,350,564
463,39,0,326.34592796970384,100,300,303,167,500,627,137,351,563
464,39,0,326.34592796970384,100,300,302,170,500,627,138,353,562
465,39,0,326.34592796970384,100,300,303,173,500,627,138,354,562
466,39,0,326.34592796970384,100,300,301,175,500,627,139,355,561
467,39,0,326.34592796970384,100,300,299,178,500,627,140,355,560
468,39,0,326.34592796970384,100,300,300,181,500,627,141,356,559
469,39,0,326.34592796970384,100,300,301,184,500,627,141,356,559
470,39,0,326.34592796970384,100,300,301,187,500,627,143,359,557
471,39,0,326.34592796970384,100,300,302,189,500,627,143,361,557
472,39,0,326.34592796970384,100,300,302,191,500,627,143,365,557
473,39,0,326.34592796970384,100,300,303,194,500,627,143,365,557
474,39,0,326.34592796970384,100,300,301,195,500,627,143,368,557
475,39,0,326.34592796970384,100,300,302,198,500,627,143,368,557
476,39,0,326.34592796970384,100,300,302,201,500,627,143,370,557
477,39,0,326.34592796970384,100,300,301,204,500,627,143,372,557
478,39,0,326.34592796970384,100,300,300,207,500,627,144,374,556
479,39,0,326.34592796970384,100,300,300,210,500,627,145,377,555
480,39,0,326.34592796970384,100,300,300,212,500,627,145,377,555
481,39,0,326.34592796970384,100,300,299,215,500,627,145,378,555
482,39,0,326.34592796970384,100,300,299,218,500,627,146,380,554
483,39,0,326.34592796970384,100,300,303,220,500,627,147,381,553
484,39,0,326.34592796970384,100,300,302,223,500,627,147,382,553
485,39,0,326.34592796970384,100,300,303,226,500,627,148,383,552
486,39,0,326.34592796970384,100,300,303,228,500,627,150,386,550
487,39,0,326.34592796970384,100,300,304,231,500,627,151,389,549
488,39,0,326.34592796970384,100,300,305,234,500,627,152,390,548
489,39,0,326.34592796970384,100,300,305,237,500,627,152,391,548
490,39,0,326.34592796970384,100,300,304,239,500,627,153,396,547
491,39,0,326.34592796970384,100,300,304,241,500,627,153,398,547
492,39,0,326.34592796970384,100,300,304,244,500,627,153,399,547
493,39,0,326.34592796970384,100,300,304,247,500,627,154,400,546
494,39,0,326.34592796970384,100,300,304,250,500,627,155,403,545
495,39,0,326.34592796970384,100,300,305,253,500,627,156,405,544
496,39,0,326.34592796970384,100,300,304,256,500,627,156,407,544
497,39,0,326.34592796970384,100,300,304,259,500,627,156,408,544
498,39,0,326.34592796970384,100,300,304,262,500,627,156,410,544
499,39,0,326.34592796970384,100,300,304,264,500,627,156,412,544
500,39,0,326.34592796970384,100,300,304,267,500,627,156,415,544
